work_id,rank,title,writer,form_of_publishment,retrieved_date,platform,filter,synopsis_summary
W001,1,임신한 척했는데 남편이 돌아왔다,별별토,Completed (완결),2026. 04. 22,Kakaopage,Montly Ranking,"원작이 시작되기 전, 빚만 잔뜩 끌어안은 귀족 나부랭이로 환생했다.
암흑가 정보 길드에 소소한 정보를 팔아 버텼지만 그것도 한계가 있다.

하지만 원작이 막 시작되려는 이 때!
악당 공작가에서 실종된 장남의 사망 신고를 미루기 위해 
임신한 척을 해 줄 가짜 계약 며느리를 찾는다는 건 알고 있지.
내가 몇 달만 그 역할을 잠시 해 주면 큰 돈을 벌 수 있다.

정말 얌전히 돈값하는 가짜 며느리로 살 생각이었는데...

""이대로 여기 계속 있으면 에키안의 상속분을 다 너 주마.""
시아버지인 공작님도 나를 너무 좋아하고

""왜 뭐든 돈으로 해결해요? 아예 입양을 하고 재가를 시키는 건 어때요?""
시어머니인 공작 부인은 호적을 막장으로 바꾸려 하신다.

""우리 형하고 결혼한 거 맞죠? 형이 돌아오면 안 떠날 거죠?""
원작 악당인 어린 시동생 역시 내게 매달리는데!

그 와중에...

""조금 시간을 때우다가, 이혼시켜주시고 시부모님께서 직접 좋은 재가 자리를 알아봐 주신다고 하시네요.""
""...재가요? 다시 결혼을 한단 말씀이십니까?""

예전에 정보를 팔아왔던 정보길드장이 조금 이상하다.

""그 남편... 아마 돌아올 겁니다.""

무슨 소리야. 원작에 따르면 공작가의 장남은 계속 행방불명인 채인데.


***


""에.... 에키안? 에키안, 너 맞니?""
""너.... 돌아왔니? 돌아온 거야? 어?""

말도 안 돼.
이 집 장남은 절대 안 돌아오는데!

""네.""

공작가로 서슴없이 걸어들어오는 저 미남은 대체 누구지?

""제가 결혼을 했더군요. 아내는 어디 있습니까?""

뭐야, 갑자기 존잘 남편까지 생겨버렸네!"
W002,2,힘을 숨기고 즐기는 평화로운 하녀 생활,박귀리,Completed (완결),2026. 04. 22,Kakaopage,Montly Ranking,"영웅 안데르트.
스스로를 희생해 대전쟁을 끝마친 위대한 검사.
희대의 영웅 중 한 명.

...이지만 실상은 죽은 남동생의 신분을 사용한 남장 여자.
그게 바로 나였다.
그런데.

""어?""

죽은 후 4년이 지나서 되살아났다?
가진 것이라고는 몸뚱아리뿐이니 먹고살기 위한 길은 단 하나.

하녀.

“하녀로 일한 경력이 없는데, 그동안 어떤 일을 했죠?”
“백수.”
“이 직종에 지원하게 된 계기는요?”
“돈.”
“어떤 저택에서 일하고 싶으시죠?”
“둘이 일하다 하나 죽어도 모를 만큼 힘들고 고약한 저택.”
“어떤 고용주를 원하시나요?”
“고용인을 쥐어짜는 악독한 고용주.”

그래야 일할 사람이 나밖에 없어서 잘리지도 않거든.

“…….”

면접관은 미친X을 감상하는 시선으로 나를 바라봤다.


_


이곳에서 나는 새롭게 시작할 것이다.
영웅 안데르트도, 죽은 남동생도 아닌.
하녀 데이지로.

#마법사남주 #막가파여주 #성장물 #집착"
W003,3,군의관이 계약직 대공비를 너무 잘함,묘묘희,Still on (연재),2026. 04. 22,Kakaopage,Montly Ranking,"이벨은 최전방의 군의관이었다.
내과의였지만, 참혹한 전쟁을 겪으며 노련한 의사로 거듭난.
결국 제 상관을 지키다 전쟁터에서 전사한 게 문제라면 문제지만.

분명 죽었었는데, 과거로 돌아온 사실을 깨달은 지 사흘째.

[계약직 대공비 구함]
※지원 조건
- 내과 전문의
- 최소 학력, 왕립 세인트 앨번 의약학 대학 졸업
- 수석 졸업자 우대
- 군의관 출신 환영
※특이사항
- 조카가 둘 있습니다.
- 주치의로 아이들의 건강을 살펴 주셔야 합니다.

지금은 그녀를 몰라야 할 전 상관이, 정확히 그녀를 콕 집어서 찾는 공고문이 올라왔다. 

***

“제가 아이를 낳지는 않아도 됩니까?”
“…후계자는 필요 없네. 조카 중 하나에게 물려줄 생각이니.”
“그거 다행이군요. 아이를 낳기는 싫어서요.”
“나를 사랑하려고 노력하지 않아도 돼. 그런 척만 하면 되지.”

모두 지금의 그녀에게 너무나 유혹적인 제안이었다.
그리고 생각보다… 계약직 대공비는 너무나도 적성에 맞는 일이었다."
W004,4,나는 이 빙의를 끝내려 한다,신솔라,Completed (완결),2026. 04. 22,Kakaopage,Montly Ranking,"다나에 윈저'의 몸에 빙의한 연다나.
원래 세계로 돌아가는 방법은 차원의 문을 통과하는 길뿐이다.

그러나 사랑하는 사람들이 울며 매달렸기에 돌아가는 것을 포기하고 말았다.
100년에 한번 열리는 문을 앞두고.

***

3년 후.
다나를 붙잡았던 모든 이들이 돌변했다.

""난 너와의 결혼을 깰 생각 없다. 다만 그녀와도 결혼할 생각이다.""
당당하게 불륜을 저지르는 약혼자,

""그냥 장난으로 잡은건데요? 설마 진짜 안 돌아갈 줄은 몰랐습니다.""
이제 와서 장난으로 붙잡았다고 고백하는 남동생,

""누가 널 억지로 묶어서 못 떠나게 막기라도 했니?""
무책임하게 조롱하는 사촌 오빠까지.

“차원의 문은 닫혔어. 다나 넌 이제 못 떠나!
그러니 얌전히 이 세계에 적응해!""

그러나 다나는 알고 있다.
이 빙의를 끝내고 돌아가는 방법을.
사랑에 배신당해 슬퍼하던 것도 잠시, 
다나는 분노에 불타오르며 복수와 탈출을 준비한다.

'이 개자식들이 날 속였다는거지.'

정말이지.
이번만큼은 착하게 살아보고 싶었는데.

'너넨 사람 잘못 건드린거야.'

그녀는 본래의 세계로 돌아가기로 결정한다.
그들이 다나가 영원히 곁에 머물거라고 믿는 순간에.

※ 본 작품에 등장하는 주요 인물들과 여주인공은 혈연 관계가 아님을 밝힙니다."
W005,5,아빠를 교체하는 법,리샤,Still on (연재),2026. 04. 22,Kakaopage,Montly Ranking,"아버지의 관심을 받기 위해 필사적으로 노력했다.
그러나 이복 여동생을 독살했다는 누명을 쓰고 가문에서 쫓겨났다.
살기 위해 온갖 일을 하다가 죽을 뻔한 순간… 전생이 떠올랐다.
그리고 알게 되었다.
이 세상은 이복 여동생이 주인공인 역하렘 게임 속이었단 걸!
설상가상 내 역할은….

‘…주인공을 살리기 위한 소모품?’

거부하면 주인공 친위대가 칼을 들고 쫓아올 예정.
15세 미성년자로 뒷배 하나 없는 내가 그걸 어떻게 막겠는가.
이렇게 되면 어쩔 수 없다.

‘아빠를 교체하는 수밖에.’

교체될 아빠로 선택한 사람은 대륙 최고 암살단의 단주.

“아빠─!”
“뭐냐, 넌.”
“…로 모시겠습니다, 나리. 저 좀 키워주세요.”

사실은 공작의 숨겨진 아들이다.
잘 부탁합니다.

*

‘음식으로 정신을 팔리게 해서 날 공격하려는 것인가.’
가소롭다.
뼈에 가죽이 겨우 달라붙은 것 같은 마른 손 따위는 위협이 되지 않는다.
그때, 유스테아는 품속에서 재빠르게 무언가를 꺼냈다.
아슬란이 그 애를 제압하려던 찰나.
유스테아는 슥, 무언가를 내밀었다.
“몰래 만들었습니다. …소시지.”
“….”
대체 이 애는 뭐지?
하지만 하나만은 알겠다.
“저 자식 솥 들고 튄다!”
“잡히면 죽었어!”
…이 소시지가 엄청나게 맛있을 거란 것쯤은.
아슬란이 소시지를 받아들었다.

#가족물 #생존물 #약요리물 #옛날아빠후회물 #새아빠사랑물 #새할아버지도사랑물"
W006,6,진짜 딸이지만 공작가로 돌아가기 싫습니다,Rana,Still on (연재),2026. 04. 22,Kakaopage,Montly Ranking,"입양된 여주가 집안에서 온갖 핍박을 당한 끝에
마침내 시원하게 복수하는 가족 후회물에 빙의했다.

내 역할은 ‘진짜 딸.’
내내 실종되어 있다가 타이밍 좋게 가문에 돌아옴으로써
‘가짜 딸’인 여주를 궁지로 몰아가는 악녀다.

‘응, 안 돌아가.’

여주에게 처절하게 복수를 당하기도 싫고,
날 사랑으로 키워 준 양어머니 곁을 떠나기도 싫다.
그렇게 공작가와는 최대한 거리를 두며 살아가려고 했는데.

‘왜 체칠리아가 여기 있는 거야!’

하필이면 여주와 마주쳐 버렸다?!

#진짜딸X가짜딸"
W007,7,죽었어야 할 남편이 돌아왔다,린아(潾娥),Still on (연재),2026. 04. 22,Kakaopage,Montly Ranking,"남주의 악덕 계모로 빙의했다.
원래라면 남주가 어릴 때 남편이 죽고 모든 재산을 들고 도망치는 역할이다.
그래서 온갖 고생을 하며 자란 남주의 손에 죽게 되는.

내가 왜 그래야 돼. 이왕이면 착한 계모 하기로 했다.
그 김에 곧 죽을 남편에게도 착한 아내가 되면 좋겠지?

“왜 그런 눈으로 보는 거지?”
“더 많이 먹어요, 체레스. 이건 특히 눈에 좋고, 이건 단백질이 많아서 근육 생성에 좋아요.”

잘 먹고 죽은 귀신이 때깔도 좋다잖아.
그런데 좀 잘해줬다고 남편이 이상한 오해를 한다.

“이런다고 달라지는 건 없어. 우리 사이에 아이는 없을 거야. 내가 당신을 사랑하는 일도 없을 거고.”
“네, 전 괜찮아요. 바라지도 않아.”

남편이 묘한 표정으로 나를 본다.
저 잘생긴 남자가 곧 죽는다는 거잖아. 인류의 손실이다. 손실.

***

결국 남편을 전쟁터로 떠나보내고, 나는 호적상의 아들을 데리고 도망쳤다.
아이를 보호하기 위해선 이게 최선이었다.
잘 키워서 제자리로 돌려보내 주리라!

그런데 3년 뒤, 죽었어야 할 남편이 돌아왔다.

“내가 너무 늦은 건 아니겠지, 로아나. 그간 정말 고생 많았어. 정말…… 보고 싶었다.”

생각지도 못한 멜로 눈빛을 하고서.

“앞으로 절대 당신 곁을 떠나는 일은 없을 거야. 죽어서도.”"
W008,8,힘숨찐 어린이가 아빠를 찾습니다,김구슬,Completed (완결),2026. 04. 22,Kakaopage,Montly Ranking,"종로구.
네 살의 어느 날, 아스티에에게 아빠의 사망통지서가 날아들었다.

「장사 등에 관한 법률 제12조제1항의 규정에 의거 무연고 사망자의 시신을 처리하고, 아래와 같이 공고하오니 연고자는 봉안된 유골을 인수하시기 바랍니다.」

매일 이상한 얘기만 하던 아빠였다.
자기가 탈로치움이라는 제국에서 왔고,
티에의 고향도 거기라고 믿던 아빠.

“아빠는 티에랑 오래오래 살 거야. 언젠가는 꼭 고향에 돌아가서, 훨씬 넓고 깨끗한 집에서 우리 티에 웃게 해줄 거거든.”

고향에 돌아간다더니, 웃게 해준다더니.
결국 아빠는 티에만 두고 가버렸다.

그런데,
유품함을 뒤지던 도중 처음 보는 생명체가 나타났다?

[내가 살려 줄까?]
“도, 돌멩이가 말을…….”
[네가 원한다면 되돌려 줄게. 네가 태어난 곳. 네가 원래 있었어야 할 곳. 그 남자가 살아 있는 곳으로.]

아스티에는 마지막 기회를 얻었다.
이제 아빠도 살리고, 원래의 고향으로 돌아갈 수도 있다!
그러니 앞으로는 꽃길만 걸을 거라고 생각했는데.

***

“솔직히 언제쯤 보게 되려나 궁금하긴 했는데.”

돌아와 힘들게 정착한 이세계.
마침내 재회한 과거의 아빠가 어딘가 좀 이상하다.

“남의 밥줄 다 끊어 놓고 표정이 제법 뻔뻔한 걸, 사령왕.”

아빠, 성기사였다며?

“슬슬 지겨우니까 단판해. 지는 놈이 일 접고 이 판 뜨는 걸로.”

용병.
그것도 매일같이 전장을 구르고, 무시무시한 마물들을 야심 차게 썰고 다닌다는 하이랭크급 용병단주.

“오늘 내가 너 죽이면 고용 1위 되찾는 거잖아?”

아무래도 아빠가 뭔가를 숨겼던 것 같다.
그것도 아주 크고 엄청난 걸."
W009,9,너에게 빼앗을 왕관,윌브라이트,Completed (완결),2026. 04. 22,Kakaopage,Montly Ranking,"둘째 아이가 들어선 부른 배를 안고, 남편의 결혼 소식을 들었다.
평생을 바쳐 사랑한 남편의 뼈아픈 배신이었다.

“아하하! 왕녀랍시고 잘난척하더니 네 꼴을 봐.
발디나는 멸망했고, 네 오라비는 마수에게 갈기갈기 찢겨 죽었지. 너 따위 멍청한 계집 하나 때문에!”

오라비는 죽고, 조국은 멸망했다.
배아파 낳은 아이들마저, 제 친아비의 손에 죽었다.
이 모든 게 숙부 가족과 남편의 계략이란 걸 깨닫고 독을 먹은 그 순간.

“다시… 돌아왔어.”

13년 전 과거로 돌아왔다.
치열한 황위 쟁탈에서 남편을 황제로 세운 킹메이커로서의 경험과,
미래에 일어날 모든 일들의 기억을 지닌 채로.

메데이아는 광소하며 깨달았다. 
신께서 제 마지막 부탁을 들어주셨다는 걸.

“클라우디오.”
숙부네에게 주어졌던 영광은 전부 빛을 잃을 것이다.

“이아손.”
그녀의 남편이 바랐던 찬란한 왕관은 빼앗길 것이다.

“내가 돌아왔어.”
한 생을 돌아온 예언이 음산하게 빛을 밝혔다. 

복수를 위해, 메데이아는 수단과 방법을 가리지 않을 예정이었다."
W010,10,고립된 후작 영애는 먹고살고 싶어서,유나진,Still on (연재),2026. 04. 22,Kakaopage,Montly Ranking,"아버지의 장례식 날 나타난 이복오빠.

""유언장에 따라, 세어스 후작위는 행방불명이셨던 장남에게 갑니다.""

그리고 그에게 후작위를 빼앗기던 날.
브리사는 전생을 떠올린다.

이 세상은 소설 속이고, 자신은 환생했으며,
곧 영지가 고립돼 굶어 죽을 예정이라는 것을!

'이게 망상이 아니라 진짜 미래가 확실하다면...'

그동안 '귀족답지 못하다'라고 욕할까 봐
정체를 숨겨왔지만, 어쩔 수 없지.
전생에서부터 축적한 지식을 활용하는 수밖에!

나는 기사단을 모아 놓고 비장하게 물었다.

""이 중에서 감자 농사 지어 본 사람?""

씨감자에 우리의 생사가 달렸거든."
W011,11,어느 날 엄마를 주웠다,도도,Still on (연재),2026. 04. 22,Kakaopage,Montly Ranking,"“엄마!”

도둑질을 들켜 죽도록 매질을 당하던 순간.
일곱 살 이반은 제 앞에 선 여자를 한눈에 알아보았다.

그녀가 불쌍한 것들에게 손을 내밀며 자신의 고상함을 과시하는 부류라는 것을.
그러니 나 대신 돈을 치러 주겠지.

“죄송해요, 엄마. 두 번 다신 안 그럴게요.”

이반은 온 힘을 다해 여자에게 매달렸고,
여자는 예상대로 빵값을 내주었다.
그러니 이젠 두 번 다신 남의 것을 훔치지 말라 같잖은 충고나 늘어놓을 줄 알았더니.

“그만 집에 가자, 이반.”

마차를 타고 집까지 따라온 여자는 집을 깨끗이 치우고 밥까지 차려 주었다.

“왜 집 치웠어요? 밥은 왜 하고요?”
“말했잖아. 엄마가 잘해 보겠다고.”

설마…….
이반은 여자를 찬찬히 훑어보았다.

“이반?”
“…….”

“……엄마한테 화났니?”

이반의 입꼬리가 잘게 떨렸다.
하필. 제가 붙잡은 게 미친 여자일 줄이야."
W012,12,악녀는 백만장자 해결사,정연,Completed (완결),2026. 04. 22,Kakaopage,Montly Ranking,"제국에서도 손꼽히는 대부호, 로젠 공작가에는 유일한 오점이 있다.
바로 제국 최악의 악녀 아리스티나가 하필 공작의 외동딸이라는 점!

결국 황태자의 약혼녀 독살 미수로 자택에 유폐되고,
정체불명의 범인에게 살해당한 순간, '내'가 그녀의 몸에 빙의한다.
다행히 누명은 벗었지만 그보다 중요한 건….

'아리스티나를 죽인 범인이 누구지?'

길 가다 돌을 맞아도 이상하지 않은 인성 덕분에 
도처에 깔린 모두가 예비 살인범으로 의심되는 상황.

'절대 두 번 죽을 순 없지!'

딸 때문에 평생 속 썩어온 병약한 공작의 신뢰를 회복하고,
불순한 의도로 주변에 선행을 저지르며 다녔더니.

""아리스티나! 우리에겐 이 무도회의 분위기를 띄울 의무가 있어!""
풀어 헤쳐진 앞섶을 여미지도 않고, 덩치 큰 충견처럼 구는 2황자부터.

""머리 풀고 날뛰어서 아가씨들을 쫓아 주겠다면서요? 지금 바로 그게 필요합니다.""
예의 바르고 정중한 가면을 내 앞에서만 무너뜨리는 황태자와.

""그날 무도회에서 나를 버리고 누구한테 간 거지?""
종교인답지 않은 까질한 성질에, 파면 팔수록 비밀만 나오는 신성 교단의 수장까지.

가장 유력한 용의자 후보들이 내 쪽으로 돌아서도 너무 돌아섰다.
하지만 평화도 잠시, 드디어 진짜 살인범이 정체를 드러내는데…."
W013,13,악당을 납치한 5살 스파이입니다,바다C,Completed (완결),2026. 04. 22,Kakaopage,Montly Ranking,"포즈 가문이 키운 5살짜리 스파이, 아이샤.

“첫 번째 임무다. 칼립스 크로스트 공작의 행방불명된 딸이 되거라.”

크로스트 공작가를 무너뜨리기 위해 투입된 그녀의 몸속에…
인생 2회차인 내가 들어왔다.
가짜 딸 행세나 하다 원작처럼 죽을 수는 없지!
스파이에서 벗어나고자 진짜 딸의 행방을 알려 주고, 다방면으로 아군이라는 걸 인정받는 나날.
포즈 가문으로 돌아가지 않으려고 양아버지도 골라 놨다.

“제 능력이라면 S급 용병이 될 수도 있어요. 저라는 황금 씨앗을 키워 보시면 어떨까요?”

크로스트 저택에서 가장 친근해진 정원사 아저씨로!
그리고 드디어 노력이 결실을 맺어 입양 신청서를 받은 날.

“이제 정식으로 소개해야겠지.”

늘 쓰고 다니던 로브를 벗은 아저씨가 왜 저렇게 잘생겼지?
아저씨 방은 왜 귀족의 것처럼 휘황찬란하고, 우르르 들어와 무릎을 꿇는 사람들은 또 뭐고-

“…아저씨, 누구세요?”

#스파이여주 #성장물 #가족물 #육아물 #오해/복수 #사이다 #인외존재남주"
W014,14,버려진 악녀가 이참에 다 가짐,참새대리,Still on (연재),2026. 04. 22,Kakaopage,Montly Ranking,"명문가의 폐급 악녀에 빙의했다.
가족한테 착취당하고, 여주를 위해 버림받는 악녀!

‘튄다. 나 없이 잘해 봐라, 이것들아.’

그런데 걸렸다.
전쟁을 일으킬 미인 악당 황자한테.

""당신한테 각인해 버렸잖아요. 우리 이제 어떡할 거야.""

일단 네가 일으킬 전쟁부터 막을 것이다.
내 작고 소중하고 소박한 노후를 위해서.

* * *

알 수가 없네.
난 최소한만 하는데 돈, 명예, 인맥이 자꾸 들어온다.
그리고 이 여우 같은 악당은 또 왜 이럴까.

""당신 없으면 안 되는 몸으로 만들고서 어딜 가요.""

혼자 잘 살겠다는 게 이렇게 힘든 일인가?"
W015,15,장녀는 꽃길을 걷는다,루시,Completed (완결),2026. 04. 22,Kakaopage,Montly Ranking,"아들을 원했던 부모에게 장녀란 쓸모 있지도, 사랑스럽지도 않은 존재였다.
틸로드 가문의 장녀로 태어나 언제나 희생을 강요당한 라디스.

“너는 틸로드 가문의 장녀야. 집안의 기둥인 남동생의 미래를 위해 노력하는 것이 당연하잖니?”
“원래 장녀는 살림 밑천이라잖니?”
“데이빗 대신 마물 사냥을 가렴. 결혼도 못 한 딸이 계속 집에 머무는 건 집안의 수치이지만, 네가 그렇게 한다면 계속 이 집에 있도록 허락해 주마.”

자신의 자리를 만들기 위해, 한 조각의 사랑이라도 얻기 위해 노력했다.
계속 견디다 보면 언젠가는 행복이 올 거라고 믿었다.

그러나 온몸이 부서지도록 노력한 끝에 돌아온 것은 결국 가족들의 배신이었다.

“다 헛된 꿈이었어. 부모님을 위해, 동생들을 위해, 가족을 위해, 가문을 위해 살지 말았어야 했어. 나를 위해 살았어야 했어!”

끝이라 여겼던 마지막 순간.

라디스는 16살로 회귀했다."
W016,16,악녀가 정체를 숨겼더니 다들 착각함,멧쥐,Still on (연재),2026. 04. 22,Kakaopage,Montly Ranking,"[축하드립니다! <자유도> 스탯이 생성되었습니다.]

100번째 회귀를 달성하자, 그간 보이지 않던 상태창이 나타났다.
무려 99회차 동안 마음대로 할 수 있는 게 없어 악녀로 살다 죽었는데, 이제 와 퀘스트를 해결해 스탯을 쌓으면 자유롭게 살 수 있다고?

[제한 조건: 신분을 들킬 시 보상 50% 감소]

이때 악녀가 취해야 할 올바른 행동은?
1. 그냥 하던 대로 접시 브레이커 악녀 되기
2. 아무도 모르게 퀘스트 해결하며 스탯 획득하기

“흑, 정말 감사합니다! 제 평생의 은인이셔요!”
“동생 입학금을 내주시다니요!”

…아니, 내가 한 일인 걸 대체 어떻게 안 거야?

[칭호 <겉바속촉 공녀님>을(를) 획득하셨습니다.]

그렇게 난 제국에서 제일가는 착한 악녀가 되었다.
이런 걸 원한 건 아닌데... 아무튼 심기일전하여 열심히 스탯을 쌓는 도중 떨어진 메인 퀘스트.

[2황자 ‘라키엘 베른하르트’를 황제로 옹립하십시오.]
 
일이 점점 커지지만 이겨낸다!
나는 정신력 스탯 3,259(S++)의 보유자니까!

그런데.

“도대체 나한테 무슨 짓을 한 거지?”
“…네? 제가 뭘요?”
“젠장, 미치겠군. 스토커도 아니고... 빨리 오기나 하도록. 집으로 데려다 줄 테니.”
“네에에?”

엑스트라인 줄 알았던 2황자가 자꾸만 들러붙는다."
W017,17,"대공님, 아내 덕질을 멈춰 주세요!",랭브,Still on (연재),2026. 04. 22,Kakaopage,Montly Ranking,"“대공 전하는…… 아내 중독증 말기이십니다.”
“헛소리.”
“심각하군요. 이대로라면 아내 바보, 아니 아내 등신이 되고 말 겁니다.”

* * *

“저를 사랑하지 않는다는 조건으로 결혼을 해 주세요.”
괴물 대공과 계약 결혼했다.
그런데…….

“이상하군. 넌 어떻게 머리카락 한 올까지 귀여울 수가 있는 거지?”

그가 나를 열렬히 덕질하기 시작했다.

“왜. 뭐가 문제야. 사랑하지만 않으면 된다며.”

아무래도 계약 조건을 잘못 정한 것 같다.

#계약결혼 #선결혼후연애 #초월적존재 #운명적사랑 #다정남 #직진남"
W018,18,세상이 날 시한부로 착각한다,연해솜,Still on (연재),2026. 04. 22,Kakaopage,Montly Ranking,"결혼식 당일, 이곳이 책 속 세계인 걸 깨달았다.
덤으로 내 미래가 사망 엔딩인 것도.
살기 위해 망해가는 시댁을 열심히 뜯어고쳤더니 대공가 사람들이 거하게 착각을 시작했다.

“우리 새아가, 항상 몸조심, 또 몸조심해야 한다. 알겠니?”

저, 시한부 아닌데요?
각혈하는 아픈 몸으로도 시댁을 살리기 위해 고군분투하는 며느리…… 아닌데요?!

“부인, 잘못했어요.”
“절 버리고 가지 마세요. 제가 잘 할게요.”

게다가 남편 슈벨까지 이상해졌다.
우리 쇼윈도 부부 아니었어? 왜 이러는데?

“……부인, 지금 제 앞에서 다른 남자를 칭찬하신 건가요?”

아니, 그놈이 너잖아! 왜 본인을 질투하는 거냐고!

#로코 #착각계 #청순가련(X), 청순가증(O)
#재벌상단주여주 #내숭도련님남주"
W019,19,짝사랑이 너무 재밌어서 곤란하다,여로은,Still on (연재),2026. 04. 22,Kakaopage,Montly Ranking,"""나는 그대를 사랑할 생각이 없다.""
""넵넵, 알겠습니다!""

결혼 첫날 밤, 미친 통제광이라는 '괴물 대공' 남편에게 깔끔하게 차였다.
하지만? 상관 없다.

“그런데 전 계속 좋아할게요!”

짝사랑의 3대 적폐 '민폐, 피해, 스토킹' 3종 세트 없이!
나 혼자 '즐겁고 유익하게' 좋아하겠어!

그렇게 짝사랑도 즐기고, 건축 능력으로 북부를 재건하면서, 민심까지 덤으로 얻어 버렸더니... 

남편이 이상해졌다?

***

""도망칠 생각이면 지금 가. 더 이상은 나도 못 멈춰.""
독점욕이 가득한 눈빛에, 여차하면 감금이라도 할 기세였다.
뭐야?!
이건, 너무...
'좋은데?'
도망? 죽어도 안 가겠습니다!

#그런데 실수로 도망감

#로맨스코미디 #철벽남주X햇살여주 #계약결혼 #선결혼후연애 #능력여주 #영지재건물 #관계역전"
W020,20,겨울잠에서 깨어나니 남편이 생겼다,미르윤,Still on (연재),2026. 04. 22,Kakaopage,Montly Ranking,"[볼티어 백작가 하인 모집]
성별 및 나이 무관. 신체가 건강하고 튼튼한 이를 선호.

겨울잠을 자기 전 생활비를 벌기 위해
백작가 하녀로 취직한 불곰 수인 클레어.

도련님의 광증을 포함한 집안 문제를
무력(?)으로 평정하는 등 열일했으나,
어디까지나 꿀잠을 위한 전초전이었다.
그런데 늘어지게 자고 일어났더니······.

“있지, 클레어. 결혼식은 언제가 좋아?”

이게 그 병약했던 도련님?

벌어진 셔츠 사이로 보이는 잔뜩 성난 근육에
클레어는 마른침을 삼키며 슬그머니 눈을 피했다."
W021,21,제가 죽어도 울어 주실까요?,한래아,Still on (연재),2026. 04. 22,Kakaopage,Montly Ranking,"죽지 않는 마법 때문에 괴물 취급받으며 실험체로 살아온 1호(4세).
네 살이 되던 해, 결국 쓸모가 없다며 적대 가문 한복판에 버려지고 말았다.

그래서 배운 대로 적대 가문 사람들을 악마라고 부르며 공격했는데…….
악마들의 반응이 무언가 이상하다?

괴물이라고 하지도 않고, 아가라고 부르며 사랑해 주고, 많은 것을 가르쳐 준다.
심지어 괴물이 좀 다친 것 가지고, 몇 번이고 울어 주어서.

1호는 그들과 가족이 되고 싶어졌다.
그래서 정말로 깨어나지 못하는 죽음을 맞이했을 때,
그들이 자신을 위해서도 슬퍼해 줬으면 좋겠다고 생각했었는데.

""나, 돌아왔어요.""

정말로 가족이 되고 나니, 생각이 바뀌었다.
다시는 그렇게 우는 것을 보고 싶지 않다고.

함께 행복해지고 싶다고."
W022,22,눈먼 공작과 약혼했다,콩작,Completed (완결),2026. 04. 22,Kakaopage,Montly Ranking,"“돈이 필요해.”

가문이 폭삭 망해 버렸다.
오로지 돈을 벌기 위해 소설 속 남자 주인공인 눈먼 공작의 보좌로 들어갔는데…….

“공작 성의 생활은 어떻지?”
“공작 각하의 큰 배려로 아주 편안하게 잘 지내고 있습니다.”
“여기서 사는 게 좋다고? 그럼 약혼하지.”

아니, 공작 성에서 사는 게 좋은 거랑 약혼이랑 무슨 상관이 있는 건데?

“축하해. 앞으로도 계속 좋아하는 곳에서 지낼 수 있게 됐어.”
“혹시, 만에 하나, 저한테 거부권이 있을까요?”

마린은 떨리는 눈동자로 아주 조심스럽게 질문했다.
있었으면 좋겠다. 제발.

#돈이 필요해 공작가에 취업한 여주 #눈이 멀어 성격 나빠진 공작 남주
#특별한 능력을 가진 여주 #하지만 도움을 마다하는 금쪽이 남주 #이에 굴하지 않는 여주 #그런 여주가 신경 쓰이는 남주
#계약 약혼 #티키타카 #힐링물 #구원물 #로맨틱코미디"
W023,23,이제 울어도 될까요?,유이란,Completed (완결),2026. 04. 22,Kakaopage,Montly Ranking,"형제를 죽이고 황위에 오른 클로이스.

그가 황제가 되려 했던 것은 개인의 욕심이 아닌 사랑하는 아내와 곧 태어날 아이를 위해서였다. 하지만 그의 노력도 헛되이 이기고 돌아온 그를 맞이한 것은 아내와 아이의 시체였다.

그로부터 7년 후.

그는 세상 어떤 일에도 감흥을 느낄 수 없었다.
그러하기에 7년만에 다시 열리는 영재원의 심사에도 관심을 두지 않았다.

한 장의 입학 신청서가 구겨져 바닥에 굴러다니는 것을 보기 전 까지는.

“입학 신청서인데 왜 버렸나?”
“그것이, 조건이 무척이나 모자란 자가 낸 서류라서…….”

제 아이를 영재원에 넣으려는 대신은 같잖은 변명을 대었다.
단지 구빈원의 아이라는 이유로 검토되지도 못한 채, 쓰레기처럼 내던져진 서류.

“이 아이의 입학을 허가한다.”

딱히 관심을 가져서가 아니었다.
그저 멋대로 행동하려 하는 대신들을 향한 경고였을 뿐.
그래서 제가 뽑은 아이의 이름조차도 기억하지 못했는데.

“저는 이비 앨든이라고 해요.”

아내와 딸의 무덤 앞에서 만난 아이는 언제나 그가 생각하던 제 딸의 모습을 하고 있었다."
W024,24,흑막 범고래 아기님,문시현,Still on (연재),2026. 04. 22,Kakaopage,Montly Ranking,"“안녕 아저씨!”

어느 날 내 앞에 웬 범고래 꼬맹이가 나타났다.

“교육기관이라는 거 어디 있는지 알아? 나 가야 해. 거기.”
“길, 한참은 잘못 들었는데.”

아무래도 이건 내 딸인 것 같은데.

“뭘 봐 아저씨? 한 입 줘?”

내가 아비인 줄 모르는 것 같다.

* * *

……라고 생각이나 하고 있겠지?

그렇게 생각한다면 오산이다 애비야!

내 이름은 칼립소. 
4회차 회귀자.

남들은 책에 빙의에서 잘만 꿀 빨며 살던데 내 인생은 망했다.

심지어 육아물에 빙의했는데!
3회차 내 인생은 몰살 엔딩이었다!

‘이 여주에 미친 남주 XX들아!’

그렇다.
어째서인지 나는 무엇을 하든 22살 생일을 못 넘기고 회귀한다.

그러나 용이 폭주해 멸망하던 3회차에서 우연히 발견했다.
용이 폭주하면 차원이 일그러진다는걸!

저걸 통해 내가 살던 집으로 돌아갈 수 있을까?

4회차, 다시 회귀했을 때, 나는 이 용님을 이용해 보기로 했다.
애비? 오빠들? 다 용을 만나기 위한 발판에 불과하다!

“기다려라, 용님아!”

[이제 그만 죽고 싶지만 반복 회귀로 미쳐 버려서 해맑은 여주 X 황실과 잘못된 계약으로 묶여 버린 용 대공 / 육아물 / 함께 살짝 돌아버린 여주의 가족들 / 약육강식이라고 들어봤냐? / 세 살 나이에 평정한 최강자 / 본인들은 해피한 가족 육아물]"
W025,25,이번 생은 가주가 되겠습니다,김로아,Not publishing (휴재),2026. 04. 22,Kakaopage,Montly Ranking,"제국에서 제일가는 부자 가문의 사생아로 환생한 피렌티아.
이대로 탄탄대로일 줄 알았건만.
아버지는 돌아가시고, 친척들에게 문전박대에, 잘나가던 가문마저 쫄딱 망해 버리기까지…….

그런데 이거 진짜인가?
술을 좀(많이) 마셨다가 마차에 치였는데,
다시 눈을 뜨니 일곱 살로 돌아왔다?

거기다 이전 생에 가문의 원수였던 찬바람 쌩쌩 불던 2황자가
대형견처럼 나를 쫄래쫄래 쫓아다닌다!

“나보단 티아 네가 더 예뻐.”
“……놀려 지금?”
“아니. 진심인데.”

좋아,  2황자도 가문도 다 내 거다!
이번 생은 내가 가주 하든가 해야지.


#회귀 #환생 #당찬녀 #똑똑녀
#일시적 역키잡 #끈 떨어진 아기 황자 #몇년 뒤에는 쑥쑥 커서 능력남
#초식계 미남 아빠 #팔불출 할아버지"
W026,26,잊혀진 들판,김수지,Still on (연재),2026. 04. 22,Kakaopage,Montly Ranking,"- 난 매일 기도해
이 사랑이 죽기를
오늘까지만 너를 사랑하고
내일은 이 사랑이 죽어 있기를 -

불륜으로 태어난 비운의 황녀, 탈리아 로엠 귀르타.

그녀는 무관심한 부모와 적대적인 이복형제들,
그리고 자신을 경멸하는 하인들 틈에서 일그러진 채 자란다.
다가오는 모든 이들에게 가시를 곤두세우는 것으로 스스로를 지켜 온 탈리아.
그런 그녀조차도 한 사람의 앞에서만큼은 무방비한 상태가 되고 만다.

그는 바로 동부의 귀공자, 바르카스 라에드고 시어칸.

황실의 가신이자 대공의 후계자로서 완벽함을 강요받아온 그는
학대에 가까운 훈육 속에서 대부분의 감정이 마비된 채 자라난다.
오로지 가문의 명예와 의무만을 위해 존재하는 남자.

그는 선황후(先皇后)와의 약속을 지키기 위해 탈리아의 이복언니 아일라와 혼약을 맺고,
절망에 휩싸인 탈리아는 서서히 망가져 간다.

그러나,
죽음이 예정된 그녀의 사랑은 예상치 못한 변곡점을 맞이하게 되는데...."
W027,27,이상한데 효과적인 악녀 생활,유나진,Completed (완결),2026. 04. 22,Kakaopage,Montly Ranking,"프렐라이 공작가의 골칫덩어리, 키아나. 

그녀는 악녀 생활을 접고 새사람으로 태어나려고 했다. 
어느 날 가문이 역모죄로 교수형을 당하기 전까진. 

'7년 전에 가출해서, 시골에서 연구만 하던 나까지 죽일 필요는 없잖아!' 

다시 없을 천재라며 가족처럼 지내자던 아카데미는 나를 배신하고, 
역모 또한 누군가에 의한 누명이라는 것을 깨달은 순간. 
의문의 힘으로 인해 1년 전으로 돌아왔다! 

""어쩔 수 없지. 이렇게 된 이상 똑똑하고 야무진 내가 공작가를 구하는 수밖에."" 

가문을 위해 해야 할 일은 두 가지.

“언젠가 나도 오빠한테 도움이 될 거니까?”
“할아버지한테 소중한 존재니까 구하려고 했죠.”

엉망진창 콩가루였던 가족들과의 관계 회복과,

“대외적으로 저랑 연애하는 척 좀 해 주세요.”

‘그 남자’와 손을 잡는 것.


아참, 그 전에. 

나는 강의 중에 학장의 머리 위로 물병을 쏟으며 말했다.

“이것이 중력입니다.”

상도덕 없는 아카데미 놈들한테 복수부터 하고."
W028,28,대학원생은 교수님을 암살하고 싶어,에시라,Still on (연재),2026. 04. 22,Kakaopage,Montly Ranking,"어느 날, 여신의 신탁이 내려왔다.
""외뿔의 마족이 훗날 마왕으로 군림하여 전 세계에 흩어져 있는 마족들을 통합하고, 그로 인해 수많은 땅이 갈라지게 될 것이니라.""
그 때문에 교황 직속 특임대 대원인 레오리나는 신탁 속의 마족을 암살하여 혼란을 예방하라는 임무를 받게 된다.
그런데 임무의 내용이…….

무려 타깃의 학생, 그것도 대학원생이 되어 암살할 기회를 노리라고요?!

졸지에 팔자에도 없던 대학원생이 된 레오리나는 타깃 칼라드니엘의 곁에서 대학원 생활을 하게 되는데.

""그런데 그건 왜 다듬고 있어?""
""네? 이거 다음 학부생 실습 때 써야 하니까 다듬어 놓으라고 하셨잖아요.""
""아, 그거. 수업 취소돼서 필요 없어졌는데. 내가 말 안 했던가?""
""……안, 하셨는데요.""
같이 지내면 지낼수록 죽이고 싶은 마음이 늘어만 간다.

'죽인다…… 이 새끼 반드시 내가 죽인다……!'

살의 가득한 대학원생의 교수 암살기!
지금부터 개봉 박……두……?"
W029,29,남주들과 외딴섬에 갇혀버렸다,김지아,Completed (완결),2026. 04. 22,Kakaopage,Montly Ranking,"소설 속 남주들과 외딴섬에 갇혀버렸다.
그것도 19금 피폐 소설에 나오는 남주들과 말이다.

하지만 내가 빙의한 마거릿이란 캐릭터는 여주를 시기하여 괴롭히다가 곧 남주들에게 죽을 운명.
그러니 살아남으려면 일단 남주들에게서 도망가야 하는데...

""마거...릿?""
남주 1의 손이 도망치려는 내 발목을 움켜쥐었다.
초장부터 내 계획은 망하고 말았다.

***

치가 떨릴 정도로 날 싫어하던 인간들이
섬에서 함께 지지고 볶는 동안 많이 변했다.

“내 옆에서 떨어지지 마, 위험하니까.”
“제발 널 돕게 해줘. 네가 어떻게 될까 봐 난 미쳐버리겠어.”
“나 좀 봐줘, 응? 나도 좀 봐주면 안 돼?”

여주에게 집착해야 할 미친놈들이 내게 집착하기 시작한 것이다.
나는 그저 무사히 살아남고 싶을 뿐인데.

게다가 이 기묘한 열대의 섬은 
우리가 미처 깨닫지 못한 깊은 비밀을 품고 있는 것 같다."
W030,30,사랑받는 언니 대신 괴물과 결혼했는데,마지노선,Still on (연재),2026. 04. 22,Kakaopage,Montly Ranking,"나는 죽은 언니가 가졌던 많은 것들을 물려받았다.
아끼던 드레스와 장신구, 방을 장식했던 태피스트리와 서적, 하녀들,
심지어는 약혼자까지.

그리고 죽은 줄만 알았던 언니가 살아 돌아온 날,
모든 건 당연하다는 듯이 원래 주인에게로 되돌아갔다.
사람의 심장을 산 채로 파먹는다던 언니의 약혼자, 괴물 대공만을 제외하고.

“나 대신 죽어줘, 이브. 그게 낫잖아. 네가 죽어도 슬퍼할 사람은…… 아무도 없으니까.”

내 인생 전체가 언니의 대역을 서기 위한 한 편의 사기극이었음을 알게 된 후,
나는 오로지 죽기 위해 괴물의 성으로 향했다.

“괴물 같은 생김새라고 들었는데요.”
“내 생에 추남이었던 적은 단 1분 1초도 없었어.”

분명 죽으려고 했는데…….

“그렇게 피워대시면 건강이 남아나질 않겠어요.”
“어, 나 불사신이라서 상관없어. 완전 대박이지?”
“……그런 말투는 대체 어디서 배워오신 거예요?”

……왜 이 주책 맞은 남자와 이상한 신혼을 즐기게 된 거지?"
W031,31,남주가 제 건강에 집착합니다,윤슬,Completed (완결),2026. 04. 22,Kakaopage,Montly Ranking,"엑스트라로 환생했다.
남주의 존재감 없는 소꿉친구, 소설 초반에 죽는 엑스트라.

시한부라 데드 플래그를 피할 수도 없어서 
그러려니 살고 있는데…….

“왜 안 건강해?”
“건강하란 말이야.”
“왜 또 아프고 그래? 허락받고 아프라고.”

남주가 내 건강 집착광공이 되었다.
아, 제발 남주 자식 좀 저리 치워 주세요!

*

분명 존재감 없는 엑스트라로 환생했는데
새 삶이 이상하게 굴러간다.

“왜 나한테 이렇게까지 하는 거야?”
“네가 좋으니까.”
갑자기 생긴 댕댕이 햇살 남주가 달라붙지 않나.

“엄마 해 줘.”
“전 남자입니다만.”
엄마가 된 미청년 보호자(성별:남자)가 생기지 않나.

“안녕, 따님.”
죽기 전엔 볼 수 없을 것 같은 아빠까지 나타났다.

게다가.

“오늘부터 네 아빠는 나다.”
내 아빠를 노리는 수상한 인간까지.

엑스트라 주제에 왜 이런 과분한 상황에 처하게 된 거지?
나, 과연 건강해질 수는 있는 건가?"
W032,32,아기는 악당을 키운다,리샤,Completed (완결),2026. 04. 22,Kakaopage,Montly Ranking,"세 번의 회귀. 4회차 인생.
운명의 아이로 선택되어 자랐으나 진짜 운명의 아이가 차원이동하여 나타나 그 아이를 위해 희생되는 삶이 반복된다.
‘이 나라는 노답이야. 망명하자.’
망명 자금을 벌기 위해 입양되기를 택한 르블레인. 거기까진 좋았는데 입양된 곳이 하필이면 악당 가문이었다.
망명하기 전까지 편히 살기 위해 저 악당들을 꼬셔보려고 했는데…….

“내 딸이 세상에서 제일 귀여워.”
“그 건물을 줘. 내 동생의 화장실로 쓰면 되겠군.”
“괜찮아. 르블레인이 때리지 말라고 했지, 죽이지 말라곤 안 했잖아.”
“누구야, 누가 내 동생을 울렸어어억!”

‘……망한 것 같아요. 어쩌죠?’

*

“마음에 안 든다고 사람을 매장시키거나, 죽이면 안 돼요.”
내가 눈썹을 늘어뜨리며 말했는데도 가족들은 조용했다.
‘그렇다면 어쩔 수 없지.’
나는 가늘게 좁힌 눈으로 가족들을 돌아보며 비장하게 말했다.
“이불 차고 잘 거야.”
“잘못했어, 꼬맹아!”
“미안해!”
“안 죽이마!”
좋아."
W033,33,릴리에타의 귀환,은소로,Still on (연재),2026. 04. 22,Kakaopage,Montly Ranking,"“나는 너 없으면 못 살아.”
공작가의 막내딸, 릴리에타가 사라진 지 10년째.
10년 내내 그녀를 찾던 가족들이
결국 포기하고 빈 관으로 장례식을 치른 직후.

“이 치렁치렁한 옷은 뭐야. 어떤 변태 자식 짓이지?”

사라진 세월만큼 자란 스무 살의 릴리에타가 돌아왔다.

“다시 한번 말하지만 나는 네 여동생이 아니야.
무슨 이유에선지 네 여동생 몸에 들어오게 된 다른 사람이지.”

자신이 릴리에타였다는 기억을 완전히 잊어버린,
‘리타 파스칼’이 되어서.

* * *

리타는 고아였다.
돌아갈 집도 사랑할 가족도 없었지만
함께 마수와 싸우며 서로 의지하는 전우들이 있었다.

“누님이 가르쳤잖아요. 이제 실수 안 해요.”
“언니 말 귓등으로도 안 듣더니 끝내 사람 미치게 하네?”
“망할, 내가 어떻게 널 포기해.”
“우리 후배님은 후배님이 없는 곳이 어떤 느낌인지 모르지?”
“네가 정해. 나는 네 칼이잖아.”

...

“아직도 몰라, 리타?”
“나는 너 없으면 못 살아.”

마수 따위 없는 평화로운 세계.
공작가 막내딸이라는 신분으로 귀환하면서
동료들과는 영원히 이별하게 된 줄 알았는데.

“우리는 줄곧 너를 기다렸어.”
“기다리다 정신이 나가는 줄 알았지.”

그들이 그녀보다 먼저 이 세계에 귀환해 있었다!"
W034,34,부활한 악녀를 찾지 마세요,딸기모카,Completed (완결),2026. 04. 22,Kakaopage,Montly Ranking,"“끝으로 남길 말이 있습니까?”
“……신이시여, 불쌍히 여기소서.”

나는 믿었던 이들에게 배신당했고, 결국 참수 당해 죽었다.
그런데 신탁과 함께 세상이 뒤집혔다.

《악이 창궐하여 너희에게 부활자를 내리니 강건히 맞서라.》

신이시여.
쟤들을 불쌍히 여기시라고 했지, 저를 부활시켜달라고 한 적은 없는데요.
쟤네 그냥 망하게 두면 안 되나요?

#후회물 #무심녀 #능력녀 #걸크러시 #부활 #사이다물 #가상시대 #로맨스판타지"
W035,35,남주가 돈으로 나를 조련한다,미래나비,Completed (완결),2026. 04. 22,Kakaopage,Montly Ranking,"다시 태어나니 예전에 읽었던 소설 속 여주에 빙의했다.
그런에 이 작품, 여주가 구르고 구르고 또 구르는 걸로 어마어마하게 유명한 피폐물인데.
그런 삶을 사는 것만큼은 사절이었다. 주인공의 삶이라니! 남의 인생이어야 재밌는 거지, 내 인생이라고?
특히 여주가 구르게 되는 가장 큰 계기는 어린 시절 남주와 엮이면서였는데…!
사랑이 뭐라고, 남주와의 정을 외면하지 못해 온갖 가시밭길에 발을 들이고 마지막 세 편과 외전 몇 편 정도나 행복한 그런 삶을 택하다니.
그래서 나는 힘내서 여주의 삶이 아니라, 평범한 시골 귀족의 삶을 살기로 결심했다.
그랬더니….
열여덟 살, 데뷔탕트 무도회를 치러야 하는 해, 집이 폭삭 망하고 말았다.
‘왜?’
어이없는 상황 속에서 주저앉을 수만은 없지!
집안 빚도 갚고, 또 내 평온하고 행복한 삶도 영위해야 하니까.
근데 하필 내가 할 수 있는 가장 급여 좋은 일이 ‘남주’의 보좌관 일이었다.
정말 엮이고 싶지 않았지만 먹고 살려면 어쩔 수 없는 법, 나는 꾹 참고 남주의 보좌관이 되었다.
그런데, 여주에게는 그렇게 지고지순하더니….
상사로서는 완전 악덕이잖아?!
빚만 다 갚으면 당장 시골로 돌아가 안빈낙도하는 삶을 살고 만다.

그런데 이 남주.

“수당 3배, 그대에게 안기는 것 모두 그대의 것.”

돈으로 날 유혹하는 것도 모자라.

“안 돼, 그대는 내 약혼자잖아.”

계약으로 한 약혼이면서 나를 도무지 놓아줄 생각을 하지 않는다.
나는 정말로 주인공 파업하고 싶다고!"
W036,36,몰락 교단의 천재 조향사,프리드리히,Still on (연재),2026. 04. 22,Kakaopage,Montly Ranking,"오만한 천재 조향사 프림.
소꿉친구를 잃고 스스로 목숨을 버리려다 몰락한 신 바린에 의해 회귀하게 된다.
그리고 숨 돌릴 새도 없이 주어진 신의 미션!

— 네가 이 땅 최고의 조향사가 되어서 다시 내게 최고의 향기를 바치지 않으면, 이 회귀는 없던 일, 무효, 회귀의 회귀가 벌어진단다.

이제껏 존재한 적 없는 최고의 향을 만들지 않으면 회귀가 취소된다고?
소꿉친구도 구하고 몰락한 신의 교단까지 일으켜야 하는데 
이놈의 신은 뭐 이리 바라는 것도 많담?

— 이 바린의 신자가 일 등으로 합격하는 모습을 꼭 보고 싶구나! 

그런데 너무 노력했나?

“아아아! 성자시여!” 

사람들이 나를 성자라고 부르기 시작했다."
W037,37,"막내 공녀의 총애를 독차지했더니, 모두 내게 집착한다",희윤,Completed (완결),2026. 04. 22,Kakaopage,Montly Ranking,"정보 길드의 일급 요원으로 임무를 수행하던 중 검에 가슴이 꿰뚫렸다.
영락없이 죽었다고 생각했는데…….
8살, 지옥 같던 보육원 시절로 돌아왔다?!

“안농, 난 다나야!”

마침, 내 앞에 나타난 엘라드 공작가의 막내 공녀 다이애나.
지난 생의 후회를 반복하지 않기 위해 다이애나를 보살핀 나는 엘라드 공작에게 고이 따님을 보내 드리려 했는데…… 너무 잘해 줬나?

“온니, 예뻐! 내 공쥬님! 내가 지켜 주꺼야!”

내게서 한시도 떨어지지 않으려는 다이애나와

“너에게 나는 그리도 의지가 되지 않는 어른인 것이냐?”
“내가 분명 남자는 외모가 전부가 아니라고 신신당부했는데!”

가족 외엔 무관심하다는 엘라드 공작과 둘째 공자는 물론

“허락 없이 내 곁을 떠나지 말라고 했잖아.”

냉철하기로 유명한 첫째 공자마저 이상하다!

다이애나의 총애를 독차지했더니,
왜 모두 내게 집착하는 거죠?


#회귀 #육아물 #성장물 #능력여주 #자낮여주 #다정남 #집착남"
W038,38,금발의 정령사 [개정판],글비,Still on (연재),2026. 04. 22,Kakaopage,Montly Ranking,"눈 떠보니 천재들만 다닌 다는 ‘왕립 드리케 아카데미’
귀족의 딸로 환생했다.
어차피 환생한 거 편하게 살고 싶은데 왜!!!

선생님. 제 적성은 아무것도 안 하고 누워서 뒹굴거리는 데 있다구요.

또다시 공부에 치일 수는 없지!
정령이라면…… 숨 쉬듯 마법을 쓰는 정령이라면.
나는 마나만 모으면 되는 거지. 마법은 정령이 쓸 테니까! 그러면 공부 안 해도 되잖아?
얼른 정령사가 되어 하루빨리 놀고먹을 것이다!"
W039,39,빙의자를 위한 특혜,이린비,Completed (완결),2026. 04. 22,Kakaopage,Montly Ranking,"대국민 빙의 유행 시대.
뽀짝한 육아물 여주로 태어나 어화둥둥 사랑만 받고 싶었건만.
기피대상 1호! 고구마물 부동의 1위! <세구회>라는 무한회귀물에 빙의했다.

가뜩이나 생존 난이도 S급에서 곧 망할 백작가 영애도 아닌
사용인의 어린 딸이라는 엑스트라, 아일렛이 되었으나.

모자라지만 착한 오빠와 아빠라는 화목한 울타리에,
살기 바빠 만들어본 적 없던 취향 꼭 맞는 절친도 생겼고,
대놓고 편애하는 빙의관리국 신들까지 의외로 든든한 삶이네?

거기에 사망 직전 우연히 들어둔 '빙의생명보험' 패키지로
초고속 성장까지 이루며 열심히 원작을 파괴해나갔다.

그렇게 남부럽지 않은 특혜를 듬뿍 받으며 고구마밭에 사이다 주러 왔는데.  

""너 흙 묻은 손으로 얼굴 닦았어.""
""…….""
""놀라지 마. 친절해야 할 의무가 있어서 그래.""

아직은 잘생긴 새싹고구마에 불과한 남주, 테실리드.
얘 왜 나한텐 내숭 안 떠는 거야?"
W040,40,검을 든 꽃,은소로,Completed (완결),2026. 04. 22,Kakaopage,Montly Ranking,"에키네시아 로아즈는 평범한 백작영애였다. 
마검에 조종당해 소중한 사람들을 모조리 죽이는 잔인한 운명을 겪기 전까지. 

[두 번의 기적은 없을 것이다. 그러니 최선을 다해 행복해져 보거라]

그녀는 스스로의 운명을 바꾸기 위해 시간을 되돌렸다. 
하지만 문제의 원흉은 사라지지 않았고, 그녀는 여전히 과거로부터 자유롭지 않다.  

“저는 단장님과 말을 나눈 적도 없는데, 어떻게 저를 아셨나요? 제가……무언가 실례를 했던가요?”
“그런 일은 없었다. 그저, 그대가 눈에 띄었을 뿐.”
“눈에 띄었다고요? 제 머리카락 때문인가요?”
“……아니, 개인적인 관심이었다.”

과거의 실마리를 쥐고 있는 남자와 과거를 지우고 싶은 여자. 
그녀는 정해진 운명을 딛고 행복해질 수 있을까? 
존재하지 않는 과거를 간직한 남녀의 회귀 로맨스판타지, 검을 든 꽃."
W041,41,점괘보는 공녀님,사이딘,Completed (완결),2026. 04. 22,Kakaopage,Montly Ranking,"귀신 보는 능력을 가진 탑배우 이시아.
사고 후 ‘카밀라 소르펠’의 몸에서 눈을 뜬다.

문제는 말이지.

“아, 아버지! 살려 주세요!”

이 여자의 끝이 매번 죽음이라는 것!

목숨줄 늘리는 게 우선이니, 일단 여기 터줏대감 귀신들과 대화부터 좀 해 볼까?


“곧 이혼하시겠네.”
“…뭐라?”

흥얼거리듯 내뱉은 한마디에 회의장 안의 분위기가 다시 싸해지고.

“지금 뭐라고 지껄……!”
“부하의 아내라.”

이어진 말에 상대의 얼굴에 당혹감이 그대로 드러났다.

“그것도 가장 아끼는 부하의 아내군요.”
“무, 무슨……!”


“내 소문 들은 적 없어?”

카밀라가 빙그레 웃으며 한 걸음 더 다가갔다.

“소르펠 가문의 공녀가 점괘 좀 본다는 말.”"
W042,42,미쳐버린 로제타,재가인,Still on (연재),2026. 04. 22,Kakaopage,Montly Ranking,"여동생과 남편의 불륜 사실을 알아챈 날, 그들에게 독살당했다.

“근데 자기야, 나가기도 전에 죽을 것 같은데. 내가 좀 도와줄까?”

나를 비참하게 만든 자들에게 실컷 저주를 퍼붓던 그때, 웬 경박한 귀신이 나타났다.
복수를 도와줄 테니 원한을 풀어달라나 뭐라나.
일단 살고 싶어 수락했는데, 다시 눈을 뜨니 3년 전이었다.

아버지를 죽인 새엄마도, 나를 미친 공녀로 불리게 만든 의붓여동생도, 불륜을 저지른 내 남편도!
이렇게 된 거, 싹 다 족치고 말겠다!

* * *

“헉, 허억…….”

이제는 떨림조차 없는 남편의 품에 머리를 뉘어봐도 그는 움직이지 않았다.
드디어 죽였다. 거짓된 사랑을 고하던 그이를.

“네게는 잘 가라는 인사조차 아깝겠지.”

환희인지 두려움인지 모를 떨림 속에서, 나는 남편의 마지막을 장식해 줄 칼을 빼 들었다.
날 선 단도가 그의 심장을 꿰뚫으려던 그 순간,

“아아, 아하하! 드디어……!”

분명 죽었어야 할 그가 눈을 번쩍 떴다.
경박할 정도로 환희에 가득 찬 웃음소리는 소름 끼치도록 익숙한 자의 것이었다.

“안녕, 달링.”

남편을 죽였더니, 그 몸을 귀신이 차지했다."
W043,43,흑표 가문의 설표 아기님,김노랑,Completed (완결),2026. 04. 22,Kakaopage,Montly Ranking,"잡종으로 태어나 외할아버지에게 학대당하다가 죽었다.
내가 가문의 이능을 발현하지 못한 쓸모없는 아이였기 때문에.
    
기억을 가진 채 과거로 돌아왔지만, 선택지는 과거와 그리 다르지 않았다.
이대로 살다가 전생과 똑같이 학대당해 죽거나, 나를 끔찍하게 싫어하는 아빠를 찾아가거나.
    
'다시 죽는 건 싫어.'
    
결국 나는 나를 끔찍하게 증오한다는 아빠를 찾아갔다.
흑표 가문의 딸이라는 걸 증명할 수 있는 로켓 하나를 손에 꼭 쥐고서.
    
""제가……, 제가 여기서 지낼 수 있게 해 주세요.""
    
내가 요청한 건 성년이 될 때까지의 보호.
혼자 살 수 있는 나이가 되면 폐 끼치지 않고 나가서 살 생각이었다.
나는 아무짝에도 쓸모없는 아이였으니까.
    
그런데…….
    
""사랑하는 내 딸, 너를 건드리는 놈이 있다면 당장 그놈의 숨통을 끊어 버릴 거다.""
    
나를 싫어하는 줄 알았던 아빠는 내게 너무 상냥하고,
    
""야, 페르디. 너 자꾸 티엘 번쩍번쩍 안지 말라고. 요맘때 여자애들은 아주 섬세하게 대해 줘야 한다고 했단 말이야.""
""그 멍청한 이론은 또 어디서 배웠어? 티엘은 안아 주는 걸 좋아해.""
    
무섭다고 생각했던 두 오라버니들은 나를 너무 좋아하는 데다.
    
""티엘, 네게 이 흑표 가문의 가주직을 넘길 생각이다.""
    
친할아버지는 갑자기 내게 가주직을 넘긴다고 한다.
    
저기…… 다들 저 싫어하시는 거 아니었어요?"
W044,44,nnn살 차이는 궁합도 안 본다는데,이낙낙,Still on (연재),2026. 04. 22,Kakaopage,Montly Ranking,"바르디아 왕국 건국 초.
이세르나 아이르바인은 원정대를 이끌고 악마들의 영역 ‘검은 틈’을 정복한다.
수년 간의 전쟁에 승리한 후, 귀환 마법을 사용한 그녀가 도착한 곳은 무려 300년 후의 세상이었다.

“뭐지, 넌. 여기엔 어떻게 들어온 거지?”

제 몸 위로 뚝 떨어진 그녀를 오해하여 청혼까지 한 남자의 이름은 엘하르트.
적국 황궁에 볼모로 잡혀 있는 바르디아의 폐태자였다.

힘들게 건국한 나라는 벌써 멸망 직전에 
친우이자 건국왕 미하일의 얼굴을 한 적국 황태자 아우리엘까지 그녀를 혼란스럽게 한다.

일단 망해가는 나라를 살려 원정대와 그 후손들에게 주어질 보상을 뜯어내야 했다.

변절자와 매국노들은 당연히 혹독한 대가를 치르게 하고.
그 와중에 엘하르트는 쉴 새 없이 그녀의 마음을 흔들어 놓는데.

“내 이상형은 연상이었던 것 같다. 아마도 300살쯤.”

처음에는 협력이었고,
나중에는 ‘연습’이었으며,
마침내는… 서로의 삶이 된다.

300년의 시간을 넘어 돌아온 기사단장과 왕이 될 운명을 지닌 남자.
멸망 직전의 왕국을 되찾기 위한 가장 위험한 연합이 시작된다."
W045,45,돌팔이 공녀님,도하민,Still on (연재),2026. 04. 22,Kakaopage,Montly Ranking,"우연한 계기로 전생의 기억을 떠올렸다.
전생에선 의사였다.
열심히 일만 하다, 생전 처음 보는 사람 손에 억울하게 죽은 의사.

하지만 그런 경험은 약방 하녀에 불과한 내겐 아무짝에도 쓸모가 없다.
이 세계의 의료 수준은 처참하기 그지없고, 
의사라는 직업에 대한 인식조차 바닥이기 때문이다.

'일단 여기서 탈출하자.'

그렇게 전생과는 전혀 다른 삶을 살겠다고 다짐했는데,
정신을 차려 보니 어느새 그토록 혐오하던 ‘돌팔이’가 되어 있었다.

“아저씨, 그거 그렇게 하는 거 아니라고오!”

그저 눈앞의 환자 한 명만 살려 보자고 시작한 일이었을 뿐인데
어느새 제국 전체의 의료 체계를 뒤흔들어 버렸다.

무지와 편견이 지배하는 세계에서
전생의 의술로 의료 혁명을 일으키게 된 약방 하녀 르테미아의 이야기.

#이세계에서나혼자천재명의 #능력녀"
W046,46,다시 태어난다면 너랑은 결혼 안 해,베킷,Still on (연재),2026. 04. 22,Kakaopage,Montly Ranking,"저주받았다며 핍박받던 황자를 황제로 만들어 결혼했는데,
하필 남편의 장르가 로맨스가 아니라 정쟁물이다.

“제국 일 네가 다 해?”

……거의 다 쟤가 하긴 하더라.

성실하고 모범적인 남편이면 뭐하나, 바쁜 남자는 나쁜 남자다.

오늘도 일 때문에 결혼기념일을 잊은 남편을 원망하며 깡와인을 깠는데 눈떠 보니 6살 어린이로 회귀했다.

“기왕 돌아온 거, 이번 생에는 무조건 아내 바보 공처가 타입의 남자를 데릴사위로 들이고 말겠어.”

그러나 회귀를 한 게 나 혼자가 아니다?

어라? 레온하르트, 너도?

“응, 나도.”

동반 회귀라니!
……아니야, 차라리 잘됐어.
그러면 이번 생은 둘 다 사랑하는 사람과 결혼해 볼까."
W047,47,마론 후작,자야,Completed (완결),2026. 04. 22,Kakaopage,Montly Ranking,"하필이면 곧 죽을 운명인 희대의 악녀,
헤일리의 몸에 빙의했다.

그나마 다행이라는 점은 죽기까지 1년이 남았다는 점이지만
안심할 틈도 없이 협곡 아래 오염된 지역에 버려지고 말았다.

'명색이 빙의자인데!'

하지만 죽으라는 법은 없었는지

“알겠냐? 이미 지나간 과거에 집착해서 
화를 내다보면 내일의 일을 그르치게 되어 있어. 
이게 다 옛 성현들이 남겨 주신 지혜지.”

1년 후. 난 멀쩡히 살아서 농사를 짓고 있다.

* * *

사실 평범한(?) 악녀인 줄 알았던 헤일리는 천재였다
마기도 다스릴 줄 알고
좀비가 된 사람을 정화할 줄도 알았다.

낭비하기엔 아까운 재능이라 조금 열심히 살았더니

“당신이 가진 거 다 사면 얼마야?”
“예, 예? 살려 주십쇼.”

그 사이에 '악마 후작'이라는 별명도 붙고
나를 물가에 내놓은 어린애 보듯 하는 떨거지들도 생겼다.

“전 안 나갑니다!”
“왜! 도대체 왜!”
“영주님 땅에서 빌붙어 살려고요!”

악마 후작이라며! 근데 왜 날 안 무서워해!

억울한 빙의자 헤일리가 마론 영지를 발전시키고
님도 보고 뽕도 따는 힐링 농사 로맨스판타지 소설 <마론 후작>
+끝도 없이 밀려드는 남주 후보 주의"
W048,48,막내가 뭔갈 많이 숨김,유유니,Completed (완결),2026. 04. 22,Kakaopage,Montly Ranking,"피비린내 나는 전장 한복판에서 루비안은 떠올렸다.
이곳이 바로 전쟁 소설 <폐허 위에 꽂은 검> 속이라는 걸!

이대로라면 대륙의 영웅 '레비아탄 제베르트' 공작이 죽고
지긋지긋한 전쟁이 또 다시 시작되고 마는데…!

""전쟁터에서 썩은 것도 억울한데, 몰살 엔딩이나 맞으라고?!""
나는 살고 싶어! 전쟁도 이제 싫어!

몰살 엔딩에서 벗어날 유일한 방법은
'영웅'이라는 요 아저씨 옆에 찰싹! 붙어 죽지 않게 감시하는 것.

그렇다면…

""아저씨, 집에 혹시 막내 안 필요해?""

내가 옆에 딱 붙어서 아저씨를 지켜줄게.
그러니까 아저씨는 이 세계를 구해줘! 

✿

어쩌다 보니 새로이 가족이 된 공작가 사람들에게
많은 걸 숨기게 됐다.

'마도왕국에서 도망친 소년병 출신 마법사'라는 화려한 타이틀부터
의도치 않았지만 성별까지…?

""노공은 무슨 정 없게! 그냥 할아버지라고 불러라!""
""……요정도 동생이 될 수 있나?""

내 비밀도 모른 채 날 사랑해주는 가족들.
그런데, 어느 순간 불안해지기 시작했다.

'만약 내 모든 게 거짓이었다는 걸 들켰을 때,
그때도 사람들은 날 똑같이 아껴 줄까?'

처음 받아보는 애정에 간질거리던 마음이, 이제는 따끔거리기 시작했다.

✿

'루비가 뭔갈 숨기고 있는 건 아닐까.'

그러지 않기를 바라지만 어쩔 수 없이 드는 생각이 레비아탄의 머릿속을 가득 채웠다

이제는 내가 지켜줘야 할 나의 소중한 아이.
그런데 루비안에게 자꾸만 가려지지 않는 어둠이 엄습해온다.

사랑하는 내 보석, 루비.
네가 숨기고 있는 건 대체 뭘까?"
W049,49,피폐 역하렘 남주들의 막내 처제가 되었다,매드럼,Completed (완결),2026. 04. 22,Kakaopage,Montly Ranking,"꿈도 희망도 없는 피폐 역하렘 속에 환생했는데, 무슨 이유 때문인지 여주가 죽어버렸다.

원작이 파괴되다 못 해 사라진 충격도 잠시.

언니들이 남주들과 이어지기 시작했다.

장난기 많은 집착 황제에게는 어른스럽고 다정한 큰 언니가.

무뚝뚝한 세계관 최강자 검사에게는 발랄한 둘째 언니.

바람둥이 천재 마탑주에겐 시니컬한 막내 언니.

나? 나는 이제 여섯 살이라 러브라인을 가졌다간 철컹철컹이다.

아무튼 언니들은 남주들과 잘 맞는지 결혼식을 올렸다. 그런데…….

“릴리아나. 오빠라고 불러봐.”

막내형부가 화려한 환상마법으로 내 환심을 사로잡으며 부탁한다.

“형부들 중에 내가 제일 좋지?”

소드마스터인 작은형부가 나를 무등 태워주며 슬쩍 묻는다.

“황명이야. 막내 처제는 황궁에서 공주 대접을 받으며 살 거다.”

황제인 큰형부의 말에 큰언니가 당연하다며 고개를 끄덕인다.

나는 그냥 언니들과 넷이 살던 때로 돌아가고 싶은데요?

#육아물 #부둥물 #이능력 #쪼물딱여주 #소꿉친구남주
#세상에서제일멋진언니들 #형부도 셋
#형부1(황제) #형부2(소드마스터) #형부3(천재마탑주)"
W050,50,집착남주에게 집착(당하는) 중!,밤은달,Completed (완결),2026. 04. 22,Kakaopage,Montly Ranking,"#피폐 #고수위 #납치감금 #집착남 #절륜남

…그런 키워드가 덕지덕지 붙어있는 소설 속 세계에 환생하고 말았다.
그것도 여주인공으로!

‘무작정 도망가는 건 안 돼. 남주의 흑화를 앞당기게 될지도 몰라.’

이미 남주와의 약혼은 이루어졌고, 이는 돌이킬 수 없다.
그러니 지금 내가 할 수 있는 일은…!

“공작 영애가 이른 아침부터 황자궁을 찾아갔다면서요? 몰래 다른 여자를 만나고 있는 건 아닌지 확인하려고요.”
“황자궁만 찾아갔게요? 2황자 전하가 계시는 곳이면 어디든 나타난대요.”
“2황자 전하 귀에 걸린 귀걸이 봤어요? 본인 눈동자 색의 보석이 달린 걸 선물했던데, 그게 언제 어디서든 내가 지켜보고 있다는 경고 아니면 뭐겠어요?”
“여러분, 여러분! 공작 영애가 2황자 전하를 납치해서 감금했대요!”

…뭐라고? 내가 남주한테 집착한다는 소문이 쫙 퍼졌다고?
아니, 아니. 물론 내가 감시도 하고 위치 추적도 하고 납치 감금까지 해버리긴 했지만!

‘여러분! 저는 억울합니다!’

원래 집착하는 건 저쪽이고 저는 당하는 쪽이(될 예정이)었어요!
글쎄 내가 아니라 저쪽이 집착 남주라니까?

“저는 납치 감금 당해도 괜찮습니다.”
“네?”

근데 이 남자가 지금 뭐라는 거지?

“그대의 곁에 있을 수 있다면 장소나 형태 같은 건 아무래도 상관없습니다.”

아니아니. 상관 없으면 안 될 텐데?

“부디 그대가 원하는 곳에 절 가둬 주세요.”

아니이, 나느은!
너한테 집착하고 싶었던 게 아니라, 네가 나한테 집착하는 걸 막고 싶었을 뿐이라고!"
W051,51,전직 황후가 능력을 (대충) 숨김,카루목,Completed (완결),2026. 04. 22,Kakaopage,Montly Ranking,"유능함 때문에 황제에게 이용당하다 죽음을 맞이한 황후 엔실렌.
3년 후 사고뭉치 공무원 리아넬의 몸에서 눈을 뜨게 되니.

‘세상사 열심히 살아도 내 뜻대로 안 되더라.’

고로.

‘까짓거 대충 살자.’

* * *

“이 많은 전표를 날짜별로 정리한 겁니까?”
“‘대충’ 정리해 본 겁니다. 그래야 두 번 일하는 고생을 안 하지 않습니까.”
“장부의 오류 점검도 마쳤다고요? 벌써?”
“예. 남는 시간을 때울 겸 ‘대충’ 훑어보았습니다.”
“…?”
“여기 잘못 징수된 관세가 있어 공문을 ‘대충’ 작성해 보았는데 확인해 주시겠습니까?”

얼떨결에 완벽히 작성된 공문을 보게 된 선임 공무원 멜은 폭발했다.

“대충이라고 붙이면 다 대충이 되는 줄 압니까?!”"
W052,52,말단 공무원은 출세가 하고 싶어서,유나진,Completed (완결),2026. 04. 22,Kakaopage,Montly Ranking,"황태자 전하는 앞으로도 황궁에서 나와 함께 이대로 주욱 오래오래 백년과로하셔야 해.
답 없는 황궁 부서의 말단 공무원으로 살던 어느 날.
책 속에 환생했음을 깨달았다.

""세상에, 흑막들이 곧 전쟁을 일으키잖아? 전쟁 나면 나 같은 애부터 제일 먼저 죽는데!""

원작 설정대로라면 곧 일어날 전쟁.
내가 살려면 일단 황태자부터 살려야 한다!

원작상 가장 먼저 죽는 황태자를 살려
흑막들을 잡도록 원작 정보를 흘렸더니
얼떨결에 최연소 장관이 되었다.

딱히 출세할 생각은 없었는데 나쁠 건 없지!
나대지 말고 흑막들이나 잡자.

* * *

악당들에게 갑질하는 재미가 쏠쏠하고, 권력의 맛도 너무 달달하다.
그런데…….

“황태자 전하께서는, 책임감은 크시지만 마음 둘 곳이 없으니 가끔은 도망치고 싶을 수도 있을 겁니다.”

새로 들인 이상한 인턴이 헛소리를 한다.
아니, 내가 어떻게 황태자를 살렸는데!

“뭐? 도오오오오망?”

나는 눈을 희번덕거리면서 음산하게 말했다.

“만일 전하께서 도망가시면…… 내가 직접 대륙 끝까지 쫓아갈 거야. 어떻게든 멱살 잡고 끌고 와서, 옆에 꼭 달라붙어서 눈에 불을 켜고 감시할 거야.”

음?
그런데 왜 인턴, 네가 떨고 있는 거지? 귀는 왜 벌겋게 달아올랐고?


#말단인턴인줄알았지만사실황태자였지 #무심녀지만권력에는진심인여주"
W053,53,세이렌: 악당과 계약 가족이 되었다,설이수,Completed (완결),2026. 04. 22,Kakaopage,Montly Ranking,"아리아는 계약 결혼을 제안했다.
그것도, 악마에게 영혼을 팔았다는 발렌타인의 대공자에게.
자신을 지키고, 그를 지키기 위해서.

[나와 결혼해.]

아리아는 단풍잎 같은 손으로, 쪽지와 함께 혼인 서약서를 내밀었다.

[계약 결혼이니까 10년 뒤에 이혼…….]

그러자 어린 대공자는 쓰고 있던 쪽지를 빼앗아 쫙쫙 찢으며 말했다.

“그래서, 도장은 어디에 찍으면 되지?”

***

“크면 이혼해주겠다고 했잖아.”

어느새 훌쩍 자란 악마 대공이, 그녀의 머리카락 위에 경건하게 입을 맞추며 말했다.

“어른이 되었으니 어른의 계약을 해야지.”


[회귀/ 계약결혼/ 악마 대공자 남주/ 악마 대공 시애비/ 여주가 힘을 숨김/ 폭군들이 다 집착한다/ 치유물/ 성장물/ 초반 육아/ 남주 초반 츤데레→ 이후 광기색기집착다정]"
W054,54,K-유교 어린이가 악당 가족을 구함,여로은,Completed (완결),2026. 04. 22,Kakaopage,Montly Ranking,"할머니 손에서 통통하게 잘 자란 5살 어린이, 아이리.
어느날 과식으로 앓아누웠다가 눈을 떴을 뿐인데.
정의로운 K-어린이(태권도 품띠)였던 전생을 깨달았다?

‘심지어 내가 세상을 구해야 한다고?!’

충분히 할 수 있지!
시작은 막돼먹은 어린이들부터!

“친구한테 그러케 나쁘게 말하면 안 댐니다.”
“뭐? 하! 그래 봐야 콩알만 한 네가 뭘 할 수 있는…….”

나는 경혜 태권도 관장님께 배운 헥토파스칼킥을 날렸다.

“으아악!”
“물회하게 굴지마!”

그렇다.
전직 K-어린이는 강했다(물리).
그것도 아주 많이.


***


북부 전역을 다스리는 위대한 (악당) 대공, 데클란 오르테조(33세).
그가 다시 만난 막내딸 아이리는 상당히 수상했다.

“잘 부탁드리겠슴니다, 어르신.”

……내가 아빠가 아니고 어르신이야?
게다가 혼자 위험한 행동을 하기에 경고를 줬더니-

“브로콜리도 주마. 아주 맛없고 쓴 맛 나는 쑥갓도 먹일 건데?”
“헉, 브로콜리 너무너무 좋아! 쑥갓은 향긋함니다!”

입맛이 어르신이라 통하지 않는 데다가.

“기체후일향만강하셨습니까, 아범아.”
“예법도 참 잘 아는구나. 역시 똑똑해.”

……할아버지도 할머니도 모두 아이를 보고 뿌듯해 하는 중이다.
아니, 지금 나만 이게 이상해?


#육아물 #사이다물 #힐링물 #바른생활 어린이 #K-예의범절이 세상을 구한다"
W055,55,악역의 엔딩은 죽음뿐,권겨을,Completed (완결),2026. 04. 22,Kakaopage,Montly Ranking,"역하렘 공략 게임의 악역, 
에카르트 공작가의 하나뿐인 공녀이자 입양아 페넬로페로 빙의했다.

그런데 하필 난이도는 극악!
뭘 해도 엔딩은 죽음뿐이다.

‘진짜 공녀’가 나타나기 전에 어떻게든 여주의 어장 중 한 명을 공략해서 이어져야 한다!

사사건건 시비를 거는 오빠 1, 2.
모든 루트가 죽음으로 이어지는 미친 황태자.
여주바라기 마법사와 충직한 노예 기사까지!

‘일단 가망성 없는 놈들은 바로 버리자.’

“그동안 제 주제를 잘 몰랐어요. 앞으로는 쭉, 신경 쓰실 일 없이, 쥐죽은 듯 살겠습니다.”

근데 왜 자꾸 선을 그을수록 호감도가 오르는 거야?!


#게임빙의 #악역빙의 #역하렘 #남주후보들의_후회물"
W056,56,(목숨 걸고) 헤이즐 양에게 청혼하기,도르킨,Still on (연재),2026. 04. 22,Kakaopage,Montly Ranking,"제국에서 가장 평화로운 마을 ‘루덴’.

마을의 유일한 평화 파괴자였던
오빠 펠릭스(개망나니, 허언증 환자)가 정신을 차려
이제는 성실한 남편을 만나 소박한 삶을 일구고 싶건만.
망할 오라비가 내 결혼을 방해한다.

“헤이즐, 영주의 아들은 안 돼. 바람만 세 번 피울 놈이야.”
……영주의 아들이 왜 나랑 결혼하는데.

“공작도 위험해. 번지르르한 얼굴에 속으면 못 써.”
……아니, 공작도 나랑 결혼할 생각이 없다니까?

“저 검은 머리랑은 눈도 마주치지 마. 사실 암살자거든.”
……저기요, 정체불명의 암살자를 네가 어떻게 아는데요.

아무래도 오빠가 정신을 차린 줄 알았는데 착각인 것 같다.

***

“우리는 부자가 될 거야. 헤이즐은 꽃길만 걸을 거고.”

미래라도 본 것처럼, 오빠의 허언이 현실이 되었다.
내가 손대는 상품마다 대박이 터지고, 잡화점엔 돈이 그득 쌓였다.
영주의 아들, 공작 등 수많은 남자가 내게 청혼했다.
오빠의 말이 전부 맞았다. 하나만 빼고.

“헤이즐 양, 저와 결혼해주시겠습니까?”

오빠, 황제가 청혼할 거라는 말은 안 했잖아.

#사망에 이르는 가장 빠른 방법_헤이즐 양에게 청혼하기
#힘을 숨긴 오빠 #신분도 숨긴 오빠 #XX도 숨긴 오빠 #아무튼 뭘 많이 숨긴 여동생 바보 오빠"
W057,57,아빠가 힘을 숨김,고은채,Completed (완결),2026. 04. 22,Kakaopage,Montly Ranking,"Q. 믿었던 아빠가 엑스트라가 아닐 때의 심정을 서술하시오.
A. 뭐, 뭐야…. 내 ‘지나가던 제국민 1’ 역할 돌려줘요….

1년 365일 전쟁 중!
하루라도 바람 잘 날 없는 미친 세계관!
이곳에서 엑스트라로 태어났다는 건 축복이었다.

“공주~ 일어나세용♡”
“아고, 이뻐라 울 딸♡♡”

게다가 멋지고 다정한 아빠(제임스 브라운, 27세, 엑스트라)와 산골 마을에서 오순도순 살아가는 소박한 삶이라니, 최고다!

……라고 생각했는데.

* * *

“자, 그럼 보시져! 마침 등장한 저분이 바로! 제 아버지입니다! 널리고 널린 평민 남자들의 상징, 갈색 머리와 갈색 눈!”
“…….”
“요, 요리 보고 조리 봐도 지나가는 제국민 1에 불과하져. 산골 마을에서 어린 딸과 힘들게 나무 해서 먹고 사는 27살 미혼부예요.”

기사단장은 무심한 표정으로 나를 쳐다볼 뿐이었다.

“…저어, 선생님? 저기여? 으앙!”

그 순간, 기사단장이 흠칫하며 검을 빼 들었다.
나는 본능적으로 돌아보았다.

‘…아빠?’

아빠의 낡은 부지깽이 위로 푸른 기운이 일렁이고 있었다.
나는 눈을 비비고 다시 보았다.

‘저, 저게 뭐야?’

다음 순간.
엑스트라 1의 상징이었던 아빠의 갈색 머리와 갈색 눈이….
서서히 바뀌었다.

“헐.”

누가 봐도 ‘나 주인공이야!’ 하고 외치는 눈부신 은발과 번뜩이는 푸른 눈동자로!

‘저, 저기요? 홀로 어린 딸을 키우는 산골 마을 27세 미혼부….’

……제임스 씨? 이거 맞나요?

“내 딸 내놔, 이 개자식아.”


#꿀 빠는 엑스트라로 환생 #…인 줄 알았는데?!
#사실은 아빠가 힘을 숨김 #딸도 정체를 숨김
#아빠는 세계관 최강자 주인공 #어쩌면 딸도 ???
#평화로운 엔딩 보기 #긴급 미션! 무조건 원작대로 진행시켜라!"
W058,58,악녀는 두 번 산다,한민트,Completed (완결),2026. 04. 22,Kakaopage,Montly Ranking,"모략의 천재, 황제를 만들다!



""오빠가 잘되어야 너도 잘되는 거야.""
 
-온갖 악행을 저질러 오빠를 황제로 만들었다.
하지만 아르티제아의 헌신은 배신으로 돌아왔다.
죽음의 문턱에서 그녀에게 구원의 손을 내민 것은, 정의로운 숙적 세드릭 대공뿐이었다.

“계책을 내라.”
“…….”
“이 상황을 뒤집을 수 있는 인물을 나는 그대 외에는 떠올리지 못하겠어. 로산 후작.”
“…….”
“나에게는 그대의 힘이 필요하다.”

이미 기울어진 세력 판도를 뒤집고 도탄에 빠진 제국을 구할 계책은 없다.
그러나 방법은 있다.
모든 것이 잘못되기 이전으로 시간을 돌리는 것.

피의 눈물과 함께 그녀는 자신의 몸을 바쳐 고대마법으로 시간을 돌린다.
이번에는, 실패하지 않으리라.

죽지 않고 18세로 회귀한 아르티제아는 세드릭 대공을 위한 악녀가 될 것을 결심한다.

“저에게 청혼해 주십시오. 당신을 황제로 만들어 드리겠습니다.”


악마에게 무릎을 꿇은 대가로,
당신은 당신 대신 손을 더럽힐 악마를 얻을 것입니다."
W059,59,악녀님의 최애로 간택된 사정,Rana,Completed (완결),2026. 04. 22,Kakaopage,Montly Ranking,"여주의 들러리 역할인 쪼렙 조연에게 빙의했다.

여주 대신 악녀에게 욕도 먹고, 뺨도 맞고,
심지어 내 약혼자까지 여주에게 홀딱 반해서 발닦개를 하는 상황인데.

더는 못 참아!
계속 이렇게 여주 셔틀로 사느니,
세계관 최고의 부자이자 권력가인 악녀로 갈아타겠어!

“공녀님이 뭐가 어때서요? 세라피나보다 훨씬 나아요!”
“저에게는 공녀님만 있으면 돼요!”

그러한 마음으로 악녀님께 조금 잘해드렸을 뿐인데.

“나 혼자 파티에 참석하면 심심하니까 챙겨 주는 것뿐이야.”
“흐, 흥, 네가 좋아서 주는 거 아니거든? 그냥 서랍에 굴러다녀서 주는 거야!”

보석이며 드레스며 구두는 물론이고,
심지어는 집문서까지 불쑥 내 손에 쥐어 주신다?
게다가.

“라리, 너랑 우리 오빠랑 결혼하면 우리는 가족이 될 수 있잖아. 응?”

하지만 그 오빠님은 여주에게 일편단심일 남주잖아요?
절대 날 좋아할 리 없는 사람이니, 그러려니 넘기려고 했는데.

“어째서 제가 레이디에게 전혀 관심이 없다고 생각하십니까?”
“……네?”
“관심, 아주 많습니다.”

왜 남주가 밑도 끝도 없이 내게 달콤하게 미소 짓는 거야?!

#자각없이죄다꼬시는여주 #당당여주 #능력여주
#꼬심1 #츤데레공녀님 #오빠줄게나랑살자
#꼬심2 #동생을잘둔오빠 #잘해줄게나랑살자"
W060,60,"남편은 됐고, 돈이나 벌렵니다",주해온,Completed (완결),2026. 04. 22,Kakaopage,Montly Ranking,"여친 있는 남자의 아내가 되어 버렸다.
음, 순결은 지켜 줘야겠지?

“그럼 넌 바닥에서 자.”
“뭐?”

싫은 눈치다.
그래, 바닥은 딱딱하지.
그렇다면 어쩔 수 없다.

“손만 잡고 잘게. 누나 믿지?”

그런데 어쩌다 남편과 초야에 침대를 부숴 버린 걸까…….

*

황제의 눈밖에 나 유폐당한 황녀, 아리스티네.
사실 그녀는 미래와 현재, 과거를 모두 볼 수  있는 <제왕안>의 소유자였다.
정략혼의 희생양이 된 그녀는 괴물 같은 야만인과 맺어지는데…….

“가장 귀한 것을 내 신부님께 드려야지.”

괴물이라던 예비 남편님이 지나치게 멀쩡하다.

하지만 이 떡은 남의 떡.

‘돈이나 벌어야지.’

자고로 황금 보기를 내 것같이 하라고 했다.


<남편은 됐고, 돈이나 벌겠습니다.>
과연 그녀는 돈방석에 앉아 자유롭게 사는 꿈을 이룰 수 있을까?
아니면 두 마리의 토끼를 동시에 잡게 될까?"
W061,61,나를 죽인 영웅의 아내가 되었다,ED,Completed (완결),2026. 04. 22,Kakaopage,Montly Ranking,"결혼 첫날밤, 남편이 준 독약을 먹고 죽은 공작 부인에 빙의했다.

“왜 안 죽었지?”
“저도 잘…….”

독에 내성이 있었다는 설정으로 의심을 대충 넘기긴 했는데, 문제는 여기서 끝이 아니었다.
이곳의 모두가 나를 패악질만 부리는 인성 쓰레기로 여기고 무시했다.
이 몸의 원래 주인이 그런 성격이었단다.

“흥, 여길 테면 여기라지?”

돈 많은 상속녀가 됐는데 뭐가 아쉬울까.
나는 예쁜 고양이랑 귀여운 반려 금화랑 평생 행복하게 살아가기로 결심했다.

그런데―

“공비님 만세! 공비님 만만세!”
영지민들이 나를 칭송하고.

“마님, 서류 한 번만 봐 주십시오. 제발 한 번만!”
일에 미친 관료들이 따라붙고.

“각하, 목이 좀 비뚤어지신 것 같은데요?”
“……착각이겠죠.”
심지어 공작까지 이상 증세를 보인다.

아무리 생각해도 개또라이는 내가 아닌 것 같은데.


#안참는여주 #참는남주
#지력만렙여주 #무력만렙남주
#다 감고 다니는 두루마리 여주 #얼떨결에 영지 부흥시키는 여주
#비밀을 숨긴 남주 #여주 앞에서만 순한 양 되는 남주
#착각계 #개그"
W062,62,남편이 회귀를 숨김 그래서 나도 숨김,설이수,Completed (완결),2026. 04. 22,Kakaopage,Montly Ranking,"계약 남편이 죽고 난 뒤에야 알게 되었다.
그가 그녀를 살리기 위해 수천 번의 시간을 되돌렸다는 것을."
W063,63,내 아이의 아빠와 계약 결혼합니다,단시오,Still on (연재),2026. 04. 22,Kakaopage,Montly Ranking,"길에서 주운 아이를 지키려 남자에게 버림 받은 시골의 미혼모를 연기하며 지내던 어느 날.
문득 깨달았다.
이곳이 육아물 소설 속이었고, 나는 초반에 죽는 여주의 엄마 역할이었음을!

‘제발 엄마도 좀 살려주세요.’

아무리 육아물이라지만, 나도 사람이야, 사람!
그래서 원작에서 여주의 아빠가 되어주는 냉혈한 공작님과 거래를 했는데…….

“결혼하지.”
“네?”
“놀라는 이유를 모르겠군. 그대 입으로 그러지 않았나? 계약 결혼을 하고 싶다고.”

안 놀라게 생겼나요?
결혼으로 도와줄 거란 말은 못 들었는데요……!

“당신도 아이도 모두 소중히 대할게. 그러니까 비올라.”
“…….”
“나랑 결혼해.”


***


그동안 미혼모인 척을 너무 열심히 한 걸까.
계약 남편의 오해가 너무 깊어진 거 같다.

“혹시 그 남자를 아직 못 잊었나? 멜로디의 친부 말이야.”

존재하지도 않는 남자를 어떻게 잊나요!
하지만 아이가 친딸이 아니라는 사실만은 밝힐 수 없었다.

“당신 남편은 나야. 그딴 놈이 아니라.”

나를 보는 카인의 눈빛은 질투심으로 화르륵 타오르고 있었다.

우리…… 계약 결혼 아니었나요?


#미혼모인_척하는_여주 #애아빠_자처하는_남주 #엄마바라기_딸 #사실은_금쪽이 #환생물에_타임리프_한_스푼"
W064,64,대공님이 이상한 데에 눈을 떴습니다,홍드나,Completed (완결),2026. 04. 22,Kakaopage,Montly Ranking,"도대체 왜, “오늘은 예쁘다고 안 해 주십니까?”
순진조신남에서 유혹직진남이 되어 버린 건데!

===

“아가씨인 척해 세 달만 가문의 약혼을 유지해 주십쇼.”

19금 역하렘물의 부스러기로 빙의했는데 눈앞에서 여주가 죽어 버렸다?
이 와중에 여주 가문은 평민인 제게 귀족 대역을 요구하기까지.
그대로 뒤도 안 돌아보고 거절하려 했지만,

“계약이 끝나면 500만 민트 일시 지급.”

평생 놀고먹을 액수에 빚쟁이 소시민의 몸이 먼저 반응했다.
……옳다구나!

*

작은 변덕이었다. 떠나기 전 불쌍한 약혼자의 눈을 뜨게 해 주었던 건. 
그런데 도대체 왜,

“오늘은 예쁘다고 안 해 주십니까?”

순진조신남에서 유혹직진남이 되어 버린 건데!

“대공님은 이런 캐릭터 아니잖아요!”
“신시아가 저를 사랑하게 만들어 보려고요.”

항상 눈꺼풀 아래 숨어 있던 보랏빛 눈동자가 어둡게 빛났다.

“그러니 하루빨리 절 사랑하세요, 신시아.”"
W065,65,직접 고른 공작 아빠가 눈이 잘 (안) 보임,채유화,Still on (연재),2026. 04. 22,Kakaopage,Montly Ranking,"대대로 성녀를 배출하는 가문에서 태어난 하니샤.
그러나 어머니가 저지른 '부정'으로 인해 하니샤는 아무런 힘도 발현하지 못했다.

가문의 일원이 되고 싶어, 반란군 수장과의 결혼을 승낙했지만
그런 자신에게 돌아온 건 가문의 배신이었다.

그리고 다시 눈을 떴을 때 마주한 것은.

'어, 어려졌잖아?'

게다가 어째서인지 떠올라버린 전생의 기억들까지.

'더 이상 가족 놀이에 목매지 않을래.'

그러기 위해 나는 성인까지 편히 지낼 수 있는 곳을 찾아갔다.
물건, 짐승, 괴물…… 심지어는 사람까지 버려도 다 받아준다는.
악행 때문에 눈까지 멀어버린, 일명 '쓰레기 더미'의 군주, 스튁키아 공작성으로.

""공작님의 딸이 되고 싶어요! 공작님의 눈이라도 될게요!""

밑져야 본전, 알고 있는 정보를 모두 털어낼 생각으로 공작을 찾아갔는데…….

""팍팍 먹어라, 아기 눈송아.""
""앞으로 네 양말 심부름은 내가 할게.""
""뇌 주름이 팽팽한 사람은 하니샤랑 말을 섞을 수 없어. 쉽게 말해 하니샤 곁에서 떨어지란 소리야.""

어째 사람들이 날 너무 좋아한다. 게다가…….

""네가 마음에 들었나 보구나. 그래, 이 애를 데려가지 않겠니?""

이번 생에선 피하려고 했던 전(생의) 남편이 날 스스로 찾아왔다? 
이거 이래도 되는 거 맞나요?"
W066,66,이기적 구원자,에이비,Still on (연재),2026. 04. 22,Kakaopage,Montly Ranking,"할머니 집 텃밭 울타리 문을 넘었을 뿐인데, 신이 나를 이세계로 보내 버렸다.
할머니! 울타리 문이 시공간 게이트란 말은 없었잖아요!

게다가 신이 내리는 열 개의 계시를 완수하지 않으면
영원불멸의 노예 신세라고?

[ 지혜와 학문의 신, 게르카가 당신에게 첫 번째 계시를 내렸습니다. ]
[ 스무 살이 되기 전, 하밀카르 백작과 결혼하십시오. ]

이게 방금 막 태어난 애한테 할 소리냐.

게다가 우리 집은 중세 백작가인데 영지는 코딱지만 하고,
착해 빠진 가족들은 ‘왕실의 개’ 소리나 듣고 있다.

이렇게 된 거, 신한테 권능 좀 삥뜯어서 불쌍한 중세인들이나 구원해야겠다.
의뢰를 했으면 응당 착수금이 있어야지.
등가 교환의 법칙, 안 그래?

‘스테이터스를 보게 해 주세요. 아주, 상세한 버전으로.’

쿨거래 감사요!"
W067,67,이 황제는 결혼 사기를 칩니다,디버스 대도서관,Still on (연재),2026. 04. 22,Kakaopage,Montly Ranking,"아버지 빚을 대신 갚으며 살다 죽었는데, 눈을 떠 보니 소설 속 엑스트라에게 빙의한 뒤였다.
가진 것이라고는 바닷가의 폐오두막 한 채뿐이지만…….
‘부업 삼아 했던 해루질을 여기에서도 써먹게 될 줄이야.’
갯벌이요? 그건 제 전문이죠. 제가 한번 잡아 보겠습니다.
그렇게 혼자서 잘 먹고 잘살 계획을 세우던 중, 우연히 마주친 유괴 현장에서 일곱 살 고아인 바론을 구해 주게 되는데.
“나 진짜 고아원에 들어가?”
“…….”
저 예쁜 보라색 눈동자를 어떻게 외면하냐고. 난 못 해.

그렇게 함께 살게 된 바론은 무척이나 애교가 많았다.
“누나, 나 힘세.”
“업어 줄 수 있어? 자기 전에 잘 자라고 뽀뽀도 해 주고.”
“누나, 밖에 천둥 쳐, 무서워. 안아 줘.”
엄청나게 귀여운 얼굴로 애교를 부려 대니 안 이뻐할 길이 없다.
금이야 옥이야 품에 끼고 키웠더니, 이 녀석이 어느 날 혼인신고서를 가져왔다.
“나 누나랑 결혼할래!”
이게 바로 아들 엄마들이 일정 시기에 겪는다는 ‘나 엄마랑 결혼할래’인 건가?
어림도 없는 말에 단호하게 거절했지만, 바론은 어린애 특유의 생떼를 쓰기 시작했다.
“나 누나 사랑해! 결혼할 거야! 결혼 안 해 주면 나 밥 안 먹어!”
……밥을 안 먹는다니 어쩌겠는가. 애 밥은 먹여야지.
그래서 혼인신고서에 서명해 주었다.
“네가 다 커도 마음이 변하지 않으면 그때 네 이름을 여기다 적어. 알았지?”
“알았어, 누나. 내가 빨리 커서 누나 데리러 올게.”
“그래, 그래.”
그때까지만 해도 이 혼인신고서가 접수될 일은 없을 거라 생각했다. 미성년자의 문서는 법원에 접수조차 안 되고 이 녀석이 성인이 되려면 10년 넘게 남았으니까.

아, 그게 사기인 줄은 몰랐지!"
W068,68,세 번 사는 악녀의 소소한 복수 플랜,달슬,Completed (완결),2026. 04. 22,Kakaopage,Montly Ranking,"전직 악녀 아릴레티의 미친개 황제 만들기 대작전
하얀 숲의 가호를 받는 시간술사.
베르텔 제국 역사상 다시 없을 악녀.

모두 아릴레티 카디스, 그녀를 지칭하는 말이었다.

'하지만 멍청하기 짝이 없었지.'

모시는 황자들을 위해 목숨을 바쳐 일했건만, 두 번씩이나 배신 당했으니까.

어차피 이번 생도 시한부 신세.
인적 없는 설원에서 조용히 눈을 감으려 했는데…

""저기 사람이 있습니다! 몸집이 조그만 걸 보니 아이인 것 같은데요?""
""가까이 가서 보고 와. 살았나, 죽었나.""
""예, 소가주님.""

전생에 자신이 죽인 남자에게 주워졌다?
심지어… 어려졌어?!

* * *

그렇게 원치 않게 끌려온 헤제이트 영지는…….
문제가 많아도 너-무 많다!

시도때도 없이 살수들의 위협에 시달리질 않나.
극심한 가난에 찌들어 있질 않나.
천혜의 대자연을 품고도 전혀 활용하질 못하지 않나!

“헤제이트는... 안 돼. 이러케 해서는 될 것도 안 돼!”

갑갑한 마음에 아주 조금 도움을 줬을 뿐인데.
사실 이곳이 노다지였다?! 

게다가 이 사람들, 호구처럼 마음씨들은 또 어찌나 좋은지. 

[아프면 안 돼요, 애기님. 얼른 나으면 삼촌들이 북극 탐험 시켜 주지!]
[눈이 그쳤어, 꼬마 선생님. 고맙다.]

이 바보처럼 강직한 사람들과 함께라면, 
다른 두 황자xx들에게 보란듯이 복수할 수 있을지도 몰라. 


그렇게 아릴레티는
지난 두 번의 생에서 얻은 정보와 지식들을 몽땅 끌어 모아, 복수 플랜을 짜기 시작한다.
지난 생들보다 악랄하게, 영악하게, 집요하게. 더더욱 지독하게!

과연 그녀는 지난 생들에 대한 복수를 마치고, 3황자를 황제로 만들 수 있을까?

달슬 작가의 장편 로맨스 판타지, <세 번 사는 악녀의 소소한 복수 플랜>

#킹메이커 #회귀 #악녀여주 #영지경영 #유쾌발랄 #하지만 복수는 소소하지않음"
W069,69,최강 패밀리가 왔다!,고은채,Completed (완결),2026. 04. 22,Kakaopage,Montly Ranking,"학살범이라는 누명을 쓰고 12년의 수감 생활을 마친 남자, 라이언.
복수의 칼을 갈며 출소했는데.

""공자님의 따님입니다.""
""......개소리야.""

그를 기다리던 딸이 있었다...?

""아, 아빠!""
""야, 죽을래? 내가 왜 네 아빠야.""

***

""난 아버지에게 복수할 거야.""
힘을 숨기고 복수하려는 최강자 아빠(?), 라이언과,
""제가 도와드릴게요. 복수, 같이 해요.""
비밀을 숨기고 복수를 도우려는 딸(?), 바니아.

가문에게 버림받은 가짜 부녀가 복수에 성공하고,
쥐뿔도 없이 시작해 제국 최강 패밀리로 거듭나기까지!"
W070,70,꼭두각시 악녀의 화려한 반란,글리제,Still on (연재),2026. 04. 22,Kakaopage,Montly Ranking,"로레아 프리제는 황실의 꼭두각시 악녀였다.

“네가 내 자식이라고, 대체 누가 그러더냐? 응?”
“난 그 버러지들을 지르밟기 위해 널 이용했을 뿐이야.”

아버지라 믿고 따르던 황제에게 배신당한 순간,
로레아는 그를 저주하기로 했다.

“…폐하의 앞길에 파멸만이 가득하시길.”

스스로 생을 마감했다고 생각했는데.
어째서인지 7년 전 과거로 돌아왔다.

***

황실의 주적이라 불리는 카터 대공가.
처참하게 무너뜨렸던 가문이 실은 잃어버린 가족들이었다.

“이상하군. 황실의 쥐새끼를 초대한 기억은 없는데.”
“거래를 하러 왔어요. 내가 필요할 거예요.”

특별한 ‘능력’을 이용해 카터 대공가의 힘을 되찾고,
황실을 무너뜨린 뒤 조용히 사라지려 했는데….

“보호해달라고 하지 않았나? 내 성에 발 들인 이상 황녀는 내 피후원자야. 난 황녀를 보호할 의무가 있어.”
“아버지, 이참에 그냥 입적해버려요. 황실 따위 알 게 뭐예요?”
“들었지? 헛소리하지 말고 먹던 푸딩이나 마저 먹지, 황녀.”
날 경멸하던 가족들이 이상하게 나를 감싼다.

“말했잖아, 로레아. 난 네게 흥미가 아주 많다고.”
“듣던 중 반가운 소리네요.”
“말만 해. 복수든 행복이든 전부 네 앞에 가져다줄 테니.”
“…….”
“원한다면 황제의 목까지도.”
엄청난 남자까지 내 편으로 만들어 버린 것 같다.

…이번 생에선 황제에게 복수하고,
진짜 가족을 되찾을 수 있을까?"
W071,71,첫째 오빠가 죽었다,휘드리안,Completed (완결),2026. 04. 22,Kakaopage,Montly Ranking,"가문의 몰락 이후 8년간의 도망자 생활 끝에
절벽 위에서 몸을 던진 베레니스.

‘무엇이 잘못이었을까?’

가족의 억울함을 풀어 보려 온갖 발버둥을 쳤으나
복수는 실패했고 진창에 처박힌 가문의 명예는 되찾지 못했다.

‘그래, 블레딘 오빠의 죽음이 시작이었어.’

그리고 다시 눈을 떴을 때,
그녀는 첫째 오빠의 장례식 날로 돌아와 있었다.
윌티에라 후작가의 몰락이 시작되던 바로 그날로.

“오빠의 명예를 지킬게.
두 번 다시 그 누구도 우리 가족을 해치지 못하게 할게.”

신의 기적이든 변덕이든 상관없었다.
이번엔 절대로, 저택이 불타오르게 내버려 두지 않을 테니까.

* * *

도망자 시절, 베레니스는 생존을 위해 수많은 얼굴을 가져야 했다.
그녀는 상인이자 도둑이었고, 때로는 연기자이기도 했다.
그래서 두 번째 삶은 이전보다 훨씬 유리하리라 생각했는데…….

“윌티에라의 귀하신 따님은 들리는 소문과는 전혀 다른 사람이었군.”

예측치 못한 변수가 끼어들기 시작했다.

“왜 제게 도움을 주려 하시나요?”
“재미있을 것 같아서.”

카이덴 마누스.
제국의 2황자이자,
회귀 전 마지막 순간까지 베레니스를 추적했던 남자.
그가 ‘협력자’라는 이름으로 그녀의 삶에 개입하기 시작했다."
W072,72,황제궁 옆 마로니에 농장,정연,Completed (완결),2026. 04. 22,Kakaopage,Montly Ranking,"할아버지가 옛날에 투자한 땅이 황궁 신축 부지로 당첨됐다!
“알박기”로 일확천금을 노리는 할아버지는
농사가 꿈인 손녀 헤이즐을 황궁으로 보낸다.
""너라면 절대 쫓겨나지 않고 버틸 수 있을 거다.""

위대한 업적에 걸맞은 웅장한 황궁을 원했던 젊은 황제는
일생일대의 강적을 새 이웃으로 맞게 된다.
""이게 무슨 냄새지?"" ""거름 냄새이옵니다, 폐하.""

'태양의 손'을 가진 가난한 몰락귀족의 딸 헤이즐 메이필드(19세)가
황제궁 옆 정원 한복판에 작은 농장을 만들어
대제국의 사교계를 정복해가는 이야기, <황제궁 옆 마로니에 농장>"
W073,73,사랑받는 언니가 사라진 세계,나유혜,Completed (완결),2026. 04. 22,Kakaopage,Montly Ranking,"""난 널 죽여 버리고 싶을 만큼 싫어하거든, 시에나.""

한 평생 언니의 그림자였고, 그 언니에게 배신당해 죽었다.
그런데… 시간을 거슬러 온 그 날부터 사람들이 달라졌다.

""지저의 나흐트가 선택한 아이는 너뿐이다.""
""대공 전하께서는 당신을 가족이나 다름없는 존재로 인정하고 계십니다.""

무언가 잘못됐다. 
이 사람들은 마치 나를 언니라고 착각하고 있는 것 같다.

""부탁이니 한 번만 믿어줘, 우리가 널 아낀다는 걸.""

한때는 사랑받고 싶었다. 
이제는 그 마음이 약점이 될까 두렵다.
삶을 송두리째 빼앗기는 배신은 한 번으로 족했다.

사랑에 모든 것을 걸 때는 지났다. 나는 그저 내 삶을 되찾길 원한다.
그러니….

""우리, 이제 그만 서로 갈 길 가요."""
W074,74,최강자 오빠가 기억을 잃었다,유나진,Completed (완결),2026. 04. 22,Kakaopage,Montly Ranking,"유일한 가족이었던 오빠가 기억을 잃었다. 

""나에게 동생이 있다고? 장난해?"" 

신전에서 나를 데려온 후로 
어화둥둥 아껴만 주던 동생 바보였는데... 

""내 앞가림도 못하겠는데 이게 무슨..."" 

기억도 없는 오빠에게 짐이 되기 싫었던 나는 
가문을 떠났고, 이후 닥친 비극에 무력하게 당하기만 했다. 

그래서 시간을 돌려 돌아왔다. 
그것도 오빠가 기억을 잃었던 '그' 시점으로! 

""대가리에 든 게 없어서 앞으로 어떻게 해야 할지도 막막한데. 
꼬맹이까지 딸려 있으면 어떻게 하란 말이야?"" 

지난 생의 비극을 반복할 수는 없지. 

그래서 나는 침울하게 말했다. 

""맞아. 오빠 대가리엔 지금 든게 없어.""
""...뭐,뭐라고?"" 

나는 준비해 온 서류 하나를 척, 꺼냈다. 
삐뚤빼뚤한 큰 글씨로 쓰인 서류의 내용은 단순했다. 

[나는 본인 명의의 재산을 모두 동생에게 양도한다.] 

입이 떡 벌어진 오빠가 서류를 확인할 동안, 
나는 익숙하게 그의 서랍에서 인장까지 꺼내 잉크를 묻혔다. 
그리고 손에 쥐어주며 몹시 슬픈 표정으로 말했다. 

""그러니까 찍어. 당장."" 

이번 생에는 내가 지켜줄 테니까."
W075,75,네가 진짜면 내 남편은 뭔데,커피바닐라,Completed (완결),2026. 04. 22,Kakaopage,Montly Ranking,"돌아왔다. 5년 전으로.
회귀한 레이첼은 일단 먼저 파혼한 뒤 평온한 삶을 살고자 하지만.

“내가 공작의 진짜 아들인 건 어떻게 알았습니까?”

한순간의 실수가 무서운 남자의 관심을 불러오고 마는데.

*

“어디 갑니까?”
“도망가는데요. 저기서 암살자를 만났어요.”
“…….”

그는 신기하게도 레이첼이 수상한 짓을 할 때만 나타났다. 맨날 의심 가득한 눈초리로 보니까 그런 것 같았다.

“이 밤엔 왜 또 혼자 나온 겁니까? 위험하게.”
“……찾을 게 있어서요.”
“……이리 와요. 같이 가 줄 테니까.”

그러다 문득 이상하다는 것을 인지했다.
왜 자꾸 도와주지? 그냥 이때 고발하면 편할 텐데.
그러다 황제의 고백을 받으면서 깨달았다. 늘 자신만만하던 남자가 제 앞에서 무너진 순간.

“황궁으로 가지 말아요. 그냥 내 저택에 같이 있으면 안 되는 겁니까.”
“…….”

떨리는 손이 제 옷자락을 붙들었다.
아무래도 진짜 공작의 아드님은 저가 좋아진 것 같았다.


#회귀 #약간의 막장 #배신 #복수 #황제와 공작의 삼각관계 #궁정로맨스 #능력녀 #엉뚱녀 #무심녀 #능력남 #후회남 #냉정남 #용병왕"
W076,76,남주의 입양딸이 되었습니다,라티네,Completed (완결),2026. 04. 22,Kakaopage,Montly Ranking,"“아이를 입양한다.”

펠리오 보레오티 공작의 충동적인 결정에 공작 가문이 발칵 뒤집혔다.

그는 자신과 똑같이 검은색을 몸에 품은 고아원 출신 아이를 영지로 데려왔다.

그리고 딸로 삼은 것만으로도 모자라 가문의 직계만 이어받는 '맹수'의 이름을 손수 지어줬다.

“네가 숨 쉬는 이 순간에도 재산은 벌리고 있으니.”
“오만이 아니라 자신감이지.”
“내가 여러모로 먹히는 얼굴이지.”

세상에서 가장 잘난 최강 아빠와

“근육이 제일 좋아. 불끈불끈 모여라.”
“대퇴근을 보여줘! 치골근은 더 좋고!”
“성격이 얌전하면 조신수나 꽃수...”

동심이 부패한(?) 애늙은이 딸. 

그리고...

“공작님께서 가장 원하시는 정보를 드리겠습니다.”
“가장 원하는 정보라...”
“후회하지 않으실 겁니다.”

...기묘한 비밀을 지닌 새엄마(?)까지.

#이런 조합은 다시없을 맹수가족
#작중최강아빠 #빙의따님 #회귀엄마"
W077,77,페트 갈랑트(위험한 하녀),이유현,Still on (연재),2026. 04. 22,Kakaopage,Montly Ranking,"“마법계약서야. 수도의 어느 높으신 분의 저택에서 하인을 구한다는 내용이지.”
아가씨가 말했다.
“지금으로선 여기에 사인을 하는 게 네가 이 영지를 안전하게 떠날 수 있는 유일한 방법이야.”
그런 계약서가 왜 아가씨 서랍에서 나오는 걸까?
“사인하기 전에 알아 둘 게 있어. 수도의 저택에 한번 들어가면 고용계약이 파기되기 전까지 절대 외출이 불가능해.”
더 이상한 점은 ‘그 저택’에 외출금지 조항이 있다는 사실이었다.
‘늙은 집사 아들에게 납치 결혼 당하기’ 대 ‘정체불명의 귀족가 하인으로 들어가기.’
선택권이 없는 이지 선다였다. 고민할 시간이 없었다.
“괜찮아요. 설마 죽기야 하겠어요.”
나는 아가씨가 건넨 깃펜으로 계약서의 말미에 내 이름을 적었다.
그러자 검은색 잉크로 적힌 이름이 환하게 빛났다.
내 운명을 결정지을 빛이었다."
W078,78,피폐물 남주가 상대를 잘못 고름,이아나킴,Completed (완결),2026. 04. 22,Kakaopage,Montly Ranking,"원작은 모르지만, 아무래도 로코물 속 가짜 신부에게 빙의한 것 같다.

훗날 가짜 신부란 걸 들켰을 때를 대비하여
남주와 주변인들을 내 편으로 만들 계획까지 단단히 세워 두었다.

“어차피 이 결혼은 거래일 뿐입니다.”

으휴, 뻔해.
어차피 내 발닦개가 될 거면서 앙탈은.

그렇게 로코 여주답게 무한 긍정 에너지와 햇살 미소를 난사하고 다녔을 뿐인데…….
남주가 괴롭힘당하는 표정을 짓는 건 왜지?

“나는 당신이 싫습니다.”

그의 냉대도 입덕 부정기라 생각하고 개의치 않았다.

그는 도저히 넘을 수 없는 벽을 보듯 체념의 눈빛을 했지만, 귀는 빨갛게 변해 있었다.
입은 싫다고 말하면서 몸은 솔직하군.

“……당신을 감금할 수는 없지 않습니까?”

슬슬 남주가 내게 감기기 시작한 것 같은데……
어째서 집착 방식이 피폐물 같지?

나는 원작이 ‘치명적 유해물’이라 불리는 피폐물인 줄은 꿈에도 모르고 있었다.

아- 아무튼 로코라고! 치유물이라고!

#피폐물에 빙의해 놓고 로코물이라 착각 중인 여주
#피폐물 원작의 쓰레기 남주 #여주에게 매몰차게 대하는 남주
#하지만 타격 제로인 햇살+계략 여주
#착각계 #로코 #사이다 #쌍방구원"
W079,79,오작교는 싫습니다,살오른 곱등이,Completed (완결),2026. 04. 22,Kakaopage,Montly Ranking,"소설 속 조연으로 환생했다.
그것도 피폐 로맨스 소설 <헤스티아의 그놈들> 속 오작교 역할로.
 
어차피 연애는 물 건너갔고, 빚 밖에 없는 가문의 미래는 참담하고.
공무원이 되어 전생에 못 이룬 부귀영화 좀 누려보려고 했더니…….
원작과 달리 남주들이 이상하다?!
 
""상상해봐라, 슈슈가 누굴 보면서 얼굴 붉히고 수줍어하게 생겼나?""
""와…… 그럼 진짜 좋겠다.""
코리가 멍하니 하일리를 바라보며 말하자,
이브가 인상을 쓰며 혼자 중얼거렸다.
""데리고 도망칠까…….""
스완은 양손으로 얼굴을 감싸며 아무 말이 없다.
그저 얼굴만 붉어지더니 귀까지 빨개졌다.
 
니들 여주에게 집착은 안 하고, 왜 다들 딴짓하냐."
W080,80,이 결혼은 반드시 성공합니다,마지노선,Completed (완결),2026. 04. 22,Kakaopage,Montly Ranking,"폭군의 충견이었던 기사 이오나.
황제를 위해 평생을 바쳤으나 믿었던 주군은 그녀를 사지에 버렸고,
죽어가는 그녀의 곁을 지킨 건 남이나 다름없던 남편이었다.

“마지막으로 키스하고 싶습니다.”
“혹시나 해서 미리 말하는데, 당신은 안 죽을 거고 이게 마지막도 아닐 거야.”

외롭지 않은 죽음에 만족하며 눈을 감은 것도 잠시,
이오나는 곧 과거로 돌아왔다는 걸 깨닫고
가장 먼저 남편에게 보은할 방법을 고민하는데…….

‘황실의 강요로 오간 굴욕적인 혼담이니, 내 쪽에서 결혼을 물려주는 게 그로서는 가장 기껍겠지.’

그러나 그녀 인생의 유일한 성공이었던 남편을 바꾸고 싶진 않다.
그렇다면 적어도 이 결혼을 '성공한 결혼'으로 바꾸어야 한다.

“레로이 공, 정식으로 청혼하겠습니다. 저와 결혼해주십시오. 제가 반드시 행복하게 해드리겠습니다.”

이오나는 남편에게 진 은혜를 갚기로 결심했다. 다만 그녀가 원하는 방식으로."
W081,81,그 쓰레기가 나였어요,꿀이흐르는,Completed (완결),2026. 04. 22,Kakaopage,Montly Ranking,"‘내가 왜 이 대단한 쓰레기로 눈을 뜬 건데!’

역하렘 연애 육성 게임에 빙의했다.
온갖 악행을 저지르다 처단당하는 악녀, 튤리아 프레지어로.

목숨을 부지하기 위해선 모든 스탯을 올리고,
남주들의 호감도를 높여 A등급을 달성해야만 한다.

“이렇게 끔찍한 스탯으로 살아남는 게 가능해?”

비록 당장 상태창에 보이는 건 F-등급인데다,

“그 역겨운 말투는 뭐야?”

돈도 없고 운도 없고 모두에게 미움받으며,
(한 명을 빼고) 아무도 날 사랑하지 않는다지만.

“다 뒤졌다.”

어떻게든 A등급도 달성하고,
나를 유일하게 좋아한다는 그 사람도 찾아내 보자고!"
W082,82,공작가의 눈먼 하녀가 되었다,박농부,Completed (완결),2026. 04. 22,Kakaopage,Montly Ranking,"공작가에서 일하는 눈먼 하녀에 빙의했다.
내가 모시는 주인은 이 소설의 남주로, 희귀병을 앓고 있다.
빛이 닿으면 타들어 가는 고통을 느끼는 저주 같은 병이다.
하루 종일 어둠 속에 갇힌 그를 돌봐 줄 수 있는 건, 보지 않고도 일을 할 수 있는 나뿐.

“너, 내 등가죽을 아예 벗겨 버릴 셈이야?”
“이렇게 박박 밀어야 시원하다구요.”

깜깜한 데서 씻어야 하는 남주를 대신해 때도 밀어 주고,

“자, 걸음 수를 세며 한번 걸어 보세요.”
……쿵! ……쿵!
“도련님, 혹시 방향 감각에 문제라도 있으세요?”

벽에 부딪히지 않고 걷는 법도 가르쳐 주고,

“우리 도련님, 피부만큼은 뽀샤시하겠다. 햇빛을 안 보니까.”
“……놀리는 거야?”

성심성의껏 위로도 해 주었는데.
어느 날부터 날 향한 남주의 숨결이 달라지기 시작했다.

“잘 만져 둬.”

그가 내 손을 끌어다 자신의 얼굴에 가져다 대며 말했다.

“다른 얼굴은 기억 못 해도, 이 얼굴만큼은 절대 잊어선 안 돼. 알겠어?”"
W083,83,다정한 그대를 지키는 방법,마약젤리,Completed (완결),2026. 04. 22,Kakaopage,Montly Ranking,"드디어, 초야였다.
레티샤가 그의 가슴에 이마를 기대며 속삭였다.

“역시, 너무 먼가요? 좀 더 가까이 댈까요?”

디트리안이 가까스로 신음을 삼켰다.
레티샤의 어깨를 움켜쥔 손이 달콤한 당황으로 떨리고 있었지만, 그녀는 눈치채지 못했다.

“저도 알아요, 제가 불편하시다는 거. 그래도 어머니가 보낸 사람이 올 때까지만 참아 주세요.”

디트리안은 레티샤를 증오한다.
레티샤의 어머니가 그의 가족들을 죽였으니 당연한 일이었다.
그녀는 단 한 번도 그 사실을 의심한 적이 없었다.

그래서 몰랐다.
그녀의 말에 그의 얼굴이 얼마나 사납게 일그러졌는지.

“반년만, 반년만 참으시면 돼요. 그럼, 원하시는 대로 이혼해 드릴게요.”

이혼, 이란 단어에 그가 으득 이를 갈았다는 것도."
